/*
 Navicat Premium Data Transfer

 Source Server         : mysql
 Source Server Type    : MySQL
 Source Server Version : 80030 (8.0.30)
 Source Host           : localhost:3306
 Source Schema         : rekomendasi_film_cb

 Target Server Type    : MySQL
 Target Server Version : 80030 (8.0.30)
 File Encoding         : 65001

 Date: 16/10/2024 20:45:18
*/

SET NAMES utf8mb4;
SET FOREIGN_KEY_CHECKS = 0;

-- ----------------------------
-- Table structure for film
-- ----------------------------
DROP TABLE IF EXISTS `film`;
CREATE TABLE `film`  (
  `film_id` int NOT NULL AUTO_INCREMENT,
  `film_nama` varchar(255) CHARACTER SET utf8mb4 COLLATE utf8mb4_0900_ai_ci NULL DEFAULT NULL,
  `film_sinopsis` text CHARACTER SET utf8mb4 COLLATE utf8mb4_0900_ai_ci NULL,
  `film_tgl_rilis` date NULL DEFAULT NULL,
  `film_sutradara` varchar(255) CHARACTER SET utf8mb4 COLLATE utf8mb4_0900_ai_ci NULL DEFAULT NULL,
  `film_pemeran` varchar(255) CHARACTER SET utf8mb4 COLLATE utf8mb4_0900_ai_ci NULL DEFAULT NULL,
  `film_img_link` varchar(255) CHARACTER SET utf8mb4 COLLATE utf8mb4_0900_ai_ci NULL DEFAULT NULL,
  PRIMARY KEY (`film_id`) USING BTREE
) ENGINE = InnoDB AUTO_INCREMENT = 102 CHARACTER SET = utf8mb4 COLLATE = utf8mb4_0900_ai_ci ROW_FORMAT = DYNAMIC;

-- ----------------------------
-- Records of film
-- ----------------------------
INSERT INTO `film` VALUES (1, 'Sang Pengadil', 'Jojo (Arifin Putra), seorang hakim muda, kembali ke kampung halamannya setelah serangkaian kejadian mengganggu ketenangannya. Sambil berjuang dengan bayang-bayang korupsi dan bunuh diri ayahnya yang juga seorang hakim, Jojo mendapati dirinya terjebak dalam jaringan perdagangan manusia. Bersama dengan rekan-rekannya, termasuk hakim baru bernama Abigail (Prisia Nasution), dia bertekad untuk menegakkan keadilan meskipun harus berhadapan dengan kekuatan gelap yang mengancam hidupnya dan keluarganya.', '2024-10-24', 'Jose Poernomo, Girry Pratama', 'Prisia Nasution, Arifin Putra', 'https://filmindonesia.or.id/f/img/movie/poster/sang-pengadil.jpg?p=1319-3c');
INSERT INTO `film` VALUES (3, 'Putri Bintang Lima', 'Perdana (Chicco Kurniawan), anak mantan pejabat eselon tiga, sedang berupaya untuk bisa diterima kerja di Amerika Serikat demi membuktikan pada perempuan yang mencampakkannya, Siska (Fannita Posumah). Dalam usahanya ini, ia justru bertemu dengan Cempaka (Sitha Marino), anak seorang Jenderal (Roy Marten). Cinta pun bersemi, namun restu tak didapatkan dengan alasan status sosial. Bahkan kali ini, Sang Jenderal memerintahkan ajudannya untuk memburu Perdana.', '2024-10-17', 'M Ainun Ridho', 'Sitha Marino, Chicco Kurniawan', 'https://filmindonesia.or.id/f/img/movie/poster/putri-bintang-lima.jpg?p=1319-3c');
INSERT INTO `film` VALUES (4, 'Bolehkah Sekali Saja Kumenangis', 'Setelah kakaknya meninggalkan rumah, Tari (Prilly Latuconsina) berjuang sendirian untuk menyelamatkan ibunya (Dominique Sanda) dari ayahnya (Surya Saputra) yang abusive. Tari yang sejak kecil menyimpan banyak sekali trauma, sudah tidak mampu menahan beban ini. Ia ditemani Baskara (Dikta Wicaksono), pria temperamental yang juga bergabung di support group yang sama.', '2024-10-17', 'Reka Wijaya', 'Prilly Latuconsina, Dikta Wicaksono', 'https://filmindonesia.or.id/f/img/movie/poster/bolehkah-sekali-saja-kumenangis.jpg?p=1319-3c');
INSERT INTO `film` VALUES (5, 'Tebusan Dosa', 'Wening (Happy Salma) mengalami kejadian tragis ketika Nirmala (Nirmala), anaknya, hilang dalam kecelakaan motor di sebuah jembatan di atas sungai berarus deras. Kecelakaan itu juga merenggut nyawa Uti Yah (Laksmi Notokusumo), ibu Wening. Wening merasa sangat berdosa karena membuat ibunya meninggal dan anaknya hanyut, tapi dia percaya anaknya masih hidup. Dengan segala upaya dan penuh harapan, Wening mencari Nirmala, termasuk meminta bantuan Tetsuya (Shogen), peneliti dari Jepang. Wening juga meminta bantuan Mbah Gowa (Bambang Gundul), seorang dukun misterius. Di tengah pencarian, Wening selalu diteror oleh hantu Uti Yah. Tirta (Putri Marino), kreator podcast misteri, berminat memviralkan tragisnya kehidupan Wening, namun bantuannya malah membuat Tirta menyibak rahasia gelap masa lalu Wening yang mengakibatkan hilangnya Nirmala.', '2024-10-17', 'Yosep Anggi Noen', 'Putri Marino, Happy Salma, Shogen', 'https://filmindonesia.or.id/f/img/movie/poster/tebusan-dosa.jpg?p=1319-3c');
INSERT INTO `film` VALUES (6, 'Pulau Hantu', 'Dara (Taskya Namya) mengabaikan larangan ibunya (Izabel Jahja) untuk pergi merayakan kelulusannya bersama Pandu (Samo Rafael), Niki (Cindy Nirmala), Lathi (Hannah Hannon), dan Noah (Bukie B Mansyur) di sebuah kapal. Tanpa sadar kapal mereka terdampar di sebuah pulau tak bernama. Kerinduan menyelimuti Dara terhadap ibu, karena ia dan temannya terjebak disana.', '2024-10-10', 'Ferry Pei Irawan', 'Samo Rafael, Cindy Nirmala, Taskya Namya, Bukie B Mansyur, Hannah Hannon', 'https://filmindonesia.or.id/f/img/movie/poster/pulau-hantu-2024.jpg?p=1319-3c');
INSERT INTO `film` VALUES (7, 'Kemah Terlarang: Kesurupan Massal', 'Diangkat dari kisah nyata, perkemahan pramuka di Jogja tahun 2016. Rini (Callista Arum), siswi kelas 1 SMA Pandega, mengikuti perkemahan di hutan Wana Alus untuk membuktikan dirinya kuat dan untuk mendekati Miko (Fatih Unru), ketua panitia yang diam-diam ia sukai. Meski awalnya dilarang oleh kuncen desa, Mbah Sonto (Landung Simatupang), izin akhirnya diberikan dengan syarat tidak mengusik tempat sajen. Namun, selama tiga hari perkemahan, kejadian di luar nalar terjadi. Pada malam puncak pementasan drama, Rini yang memerankan tokoh Roro Putri tiba-tiba kesurupan arwah asli Roro Putri (Nihna Fitria) dan memantik kesurupan massal di kalangan peserta lainnya. Keadaan menjadi kacau, banyak korban terluka hingga ada yang terancam nyawa. Miko, dewan ambalan, dan Mbah Sonto berjuang keras untuk menyelamatkan para siswa.', '2024-10-10', 'Ginanti Rona', 'Fatih Unru, Callista Arum', 'https://filmindonesia.or.id/f/img/movie/poster/kemah-terlarang.jpg?p=1319-3c');
INSERT INTO `film` VALUES (8, 'Startup Never Give Up', 'Doni (Rifky Balweel) dan Rafi (Ikram Hamzah) merupakan kakak beradik yatim piatu yang hidupnya sangat pas-pasan. Doni tak pernah becus bekerja dan selalu dipecat dari tempat kerjanya. Rafi kasihan melihat Doni menjadi pengangguran. Ia membuat aplikasi start up angkutan online. Dengan bermodalkan mobil Kijang butut peninggalan orang tua mereka, Doni dan Rafi pun kemudian harus jungkir untuk mengembangkan usaha mereka.', '2024-10-10', 'Ibnu Agha', 'Sheila Dara, Rifky Balweel, Ikram Hamzah', 'https://filmindonesia.or.id/f/img/movie/poster/startup-never-give-up.jpg?p=1319-3c');
INSERT INTO `film` VALUES (9, 'Laut Tengah', 'Haia (Yoriko Angeline) sedang menghadapi cobaan terbesar dalam hidupnya. Dia hanya ingin pergi mengejar mimpinya kuliah S2 di Korea dengan menerima tawaran Aisa (Anna Jobling) untuk menjadi istri dari suaminya, Bhumi Syam (Ibrahim Risyad).', '2024-10-03', 'Archie Hekagery', 'Aliando Syarief, Yoriko Angeline, Ibrahim Risyad, Anna Jobling', 'https://filmindonesia.or.id/f/img/movie/poster/laut-tengah.jpg?p=1319-3c');
INSERT INTO `film` VALUES (10, 'Kutukan Calon Arang', 'Rama (Justin Adiwinata) dkk berniat membantu adiknya, Maya (Fergie Brittany), yang sejak kehilangan saudara kembarnya, Nuri (Fergie Brittany), mengubur diri dengan obat-obatan terlarang. Mereka membawa Maya ke rumah orangtua mereka di tengah hutan untuk healing. Di rumah itu Nuri dibakar ayahnya (Hans de Kraker) karena telah dikuasai oleh Leak Calon Arang, yang juga membunuh ibunya (Rowiena Umboh). Ternyata garis keturunan perempuan di keluarga Rama telah kena kutukan Calon Arang, dan akan mati secara mengenaskan turun temurun. Karena ulah Iqbal (Dennis Adishwara) yang haus konten untuk Tiktoknya, kutukan yang telah berhasil ditutup oleh ayah Rama, terbuka kembali. Calon Arang langsung merasuki dan mengambilalih tubuh Maya.', '2024-10-03', 'Girry Pratama', 'Fergie Brittany, Justin Adiwinata, Dennis Adhiswara, Meisita Lomania, Wulan Suandhini', 'https://filmindonesia.or.id/f/img/movie/poster/kutukan-calon-arang.jpg?p=1319-3c');
INSERT INTO `film` VALUES (11, 'Kuasa Gelap', 'Setelah kematian ibu dan adiknya dalam kecelakaan tragis, Thomas (Jerome Kurnia) bermaksud mengundurkan diri sebagai romo. Namun diajustru diberi tugas terakhir untuk membantu romo eksorsis, Rendra (Lukman Sardi), yang kesehatannya kian menurun, untuk mengusir iblis yang merasuki Kayla (Lea Ciarachel), sahabat mendiang adiknya. Thomas dan Rendra berusaha sekuat tenaga untuk mengusir iblis yang bersemayam dalam tubuh Kayla. Ternyata iblis itu bukan saja mengancam nyawa Kayla tetapi juga Maya (Astrid Tiar), ibu Kayla yang menyimpan masa lalu gelap hingga membuatnya dikejar rasa bersalah.', '2024-10-03', 'Bobby Prasetyo', 'Jerome Kurnia, Astrid Tiar, Lukman Sardi, Freya JKT48, Lea Ciarachel', 'https://filmindonesia.or.id/f/img/movie/poster/kuasa-gelap.jpg?p=1319-3c');
INSERT INTO `film` VALUES (12, 'Kupu-Kupu Kertas', 'Ning (Amanda Manopo), gadis cantik yang dibesarkan di keluarga berpaham PKI jatuh cinta pada Ihsan (Chicco Kurniawan) yang dilahirkan di keluarga NU. Mulanya mereka berdua tidak peduli dengan perbedaan ini. Suatu malam terjadi pertikaian yang mengerikan. Rashid (Samo Rafael), kakak Ihsan bersama puluhan anak muda Ansor lainnya, dicegat dan dibunuh oleh simpatisan PKI yang dipimpin oleh Rekoso (Iwa K), ayah Ning, dan kaki tangannya, Busok (Reza Oktovian). Mengetahui situasi akan semakin genting, Ihsan mengajak lari Ning dari amukan amarah rakyat yang akan membalas dendam. Srama tentang sepasang anak muda yang terjebak dalam kemelut berdarah di tahun 1965.', '2024-02-07', 'Emil Heradi', 'Chicco Kurniawan, Iwa K, Amanda Manopo', 'https://filmindonesia.or.id/f/img/movie/poster/kupu-kupu-kertas1.jpg?p=1319-3c');
INSERT INTO `film` VALUES (13, 'Home Sweet Loan', 'Kaluna, pegawai bagian umum, bermimpi membeli rumah demi keluar dari rumah dengan tiga kepala keluarga, Ayah dan kedua kakaknya. Namun, gajinya yang tak pernah menyentuh dua digit membuatnya serasa bermimpi untuk memiliki rumah idaman yang minimal… nyerempet Jakarta. Dengan modal usaha ngirit, kerja sampingan sebagai model bibir, dan pinjaman kantor, Kaluna bersama tiga sahabatnya berjuang menemukan rumah yang sesuai. Di tengah segala perjuangannya, Kaluna tiba-tiba harus dihadapkan pada keputusan finansial keluarga yang sulit. Kaluna dihadapkan pada pilihan antara memperjuangkan rumah atau keluarganya.', '2024-09-26', 'Sabrina Rochelle Kalangie', 'Yunita Siregar, Wafda Saifan, Ariyo Wahab, Risty Tagor, Ayushita, Derby Romero, Fita Anggriani', 'https://filmindonesia.or.id/f/img/movie/poster/home-sweet-loan.jpg?p=1319-3c');
INSERT INTO `film` VALUES (14, 'Tulang Belulang Tulang ', 'Komedi road trip keluarga Batak yang akan melakukan upacara Mangokal Holi. Upacara pemindahan tulang belulang leluhur ini adalah kebanggan bagi keluarga Batak yang mampu melaksanakannya.Tulang belulang Tulang Tua (kakek buyut) dibawa dalam koper oleh keluarga Mami Laterina (Atiqah Hasiholan) yang naik pesawat dari Bandung ke Danau Toba. Celakanya, koper tersebut hilang di bandara. Di sisi lain, keluarga besar di kampung sekitar Danau Toba sudah bersiap pesta besar-besaran. Maka, mereka harus segera menemukan koper itu kalau tak mau dikutuk seluruh keluarga besar. Perjalanan ini membuat mereka mempertanyakan kembali makna harga diri bagi keluarga mereka.', '2024-09-26', 'Sammaria Sari Simanjuntak', 'Lina Marpaung, Cornel Nadeak, Tanta Ginting, David Saragih, Landung Simatupang, Atiqah Hasiholan, Tasha Siahaan', 'https://filmindonesia.or.id/f/img/movie/poster/tulang-belulang-tulang.jpg?p=1319-3c');
INSERT INTO `film` VALUES (15, 'Sumala', 'Tanpa sepengetahuan Soedjiman (Darius Sinathrya) suaminya, Sulastri (Luna Maya) melakukan perjanjian dengan iblis supaya ia bisa memiliki anak. Ia melahirkan anak kembar, Kumala (Makayla Rose) yang bertahan hidup dan Sumala (Makayla Rose) yang meninggal. Kumala tumbuh menjadi anak yang baik hati tapi cacat fisik dan mental. Ia sering mendapat perlakuan buruk dari orang-orang sekitarnya. Suatu hari Sumala datang dari dunia kematian dan membuat perhitungan kepada mereka yang telah menyakiti Kumala.', '2024-09-26', 'Rizal Mantovani', 'Makayla Rose, Darius Sinathrya, Luna Maya', 'https://filmindonesia.or.id/f/img/movie/poster/sumala.jpg?p=1319-3c');
INSERT INTO `film` VALUES (16, 'The Torture: Beranak dalam Kubur', 'Galuh (Shafinaz Nachiar) yang sedang hamil tua, seringkali merasakan hal-hal aneh dengan kandungannya. Itu adalah santet yang dikirim Ki Samber Jiwo (Diding Zainal Abidin) namun gagal. Karena itu, Ki Samber Jiwo menculik Galuh, membunuhnnya dan menguburnya di hutan. Galuh melahirkan bayi kembar dalam kuburan dan kemudian meninggal. Galuh yang sudah menjadi roh mendatangi Ki Samber Jiwo untuk membalas dendam. Galuh menyerang Ki Samber Jiwo dan sebelum mati Ki Samber Jiwo mengatakan bahwa ia hanya disuruh oleh seseorang. Galuh sangat terkejut ketika mengetahui bahwa dalang semua ini adalah orang yang sangat disayanginya.', '2024-09-19', 'Hendri Kurniawan WD', 'Shafinaz Nachiar, Dave Edward, Diding Boneng', 'https://filmindonesia.or.id/f/img/movie/poster/the-torture-beranak-dalam-kubur.jpg?p=1319-3c');
INSERT INTO `film` VALUES (17, 'Roman Peony', 'Clara (Jessica Veranda) pergi ke Jepang untuk mencari orang yang penting dalam hidupnya bermodalkan novel Deja Vu yang ditinggalkan Kenji (Genki Sadamatsu) yang lari dari Miyu (Hitomi Inoue) teman masa kecilnya. Takdir membawa mereka untuk bertemu. Lokasi-lokasi yang ditulis di novel tersebut menjadi arah perjalanan Clara dan Kenji. Sepanjang perjalanan, romansa tumbuh antara Kenji dan Clara. Miyu tidak menerima bahwa dirinya adalah sosok yang harus hilang dalam kisah cinta ini. Ia mengharapkan keajaiban dengan mengejar jejak Kenji.', '2024-09-19', 'Alfrits John Robert', 'Jessica Veranda, Genki Sadamatsu, Hitomi Inoue', 'https://filmindonesia.or.id/f/img/movie/poster/roman-peony.jpg?p=1319-3c');
INSERT INTO `film` VALUES (18, 'Lembayung', 'Pica (Taskya Namya) dan Arum (Yasamin Jasem), mahasiswi keperawatan, menjalani masa PKL di Klinik Lembayung yang baru dibuka kembali setelah lama ditutup karena kasus bunuh diri. Suatu malam, pasien misterius yang menyeramkan, berambut panjang muncul di poli gigi, membuat Pica dan Arum ketakutan. Sosok itu terus menghantui mereka hingga terbawa ke mimpi Arum. Peristiwa janggal mulai terjadi, diikuti dengan runutan kejadian tragis di Klinik Lembayung. Saat Arum kerasukan, Pica berusaha mengungkap misteri Klinik Lembayung sebelum sahabatnya menjadi korban berikutnya.', '2024-09-19', 'Baim Wong', 'Arya Saloka, Yasamin Jasem, Oka Antara, Taskya Namya, Anna Jobling', 'https://filmindonesia.or.id/f/img/movie/poster/lembayung1.jpg?p=1319-3c');
INSERT INTO `film` VALUES (19, 'Dul Muluk Dul Malik', 'Dul Muluk (Anwar Fuady) mengajak Dul Malik (Bagas Ran), cucunya, untuk pindah dari kota kecil Pagaralam ke Palembang untuk membantu keponakannya, Noncik (Meriam Bellina), menghadapi hantu yang menerornya di rumah tempat tinggalnya bersama ibunya (Atiek Cancer). Dul Muluk membantu mengatasi berbagai teror hantu itu dengan keberaniannya yang cenderung konyol dan ikut menyelidiki kasus perampokan yang belum terpecahkan siapa pelakunya. Sementara Dul Malik juga harus menyesuaikan diri dengan sekolah barunya. Ia sering dibully geng anak sekolah yang dipimpin anak orang kaya di Palembang.', '2024-09-12', 'Hanny Mustofa, Amir Gumay', 'Anwar Fuady, Aty Cancer Zein, Meriam Bellina, Bagas Ran', 'https://filmindonesia.or.id/f/img/movie/poster/dul-muluk-dul-malik.jpg?p=1319-3c');
INSERT INTO `film` VALUES (20, 'Malam Keramat', 'Dini (Frederika Cull), agen properti, memasarkan sebuah rumah mewah, yang terletak di wilayah sepi dan antarrumah berjauhan. Sore menjelang magrib Dini sampai di rumah itu. Sebelum kedatangan Dini rumah itu didatangi juga oleh pasangan suami istri maling, Ranu (Amagerald) dan Jani (Kenya Nindia) yang dapat informasi ada emas di dalam rumah mewah itu. Calon pembeli rumah, Juan (Angga Asyafriena Ukantas) dan Lisa (Valeria Stahl), datang hampir tengah malam membawa seorang nenek misterius. Setelah kepergian Juan dan Lisa dari rumah itu, Dini menemukan nenek itu di dalam rumah. Nenek itu ternyata bukan manusia. Teror mengerikan menimpa Dini, Ranu, dan Jani yang terperangkap dalam rumah, yang sebetulnya dimiliki Juan dan Lisa dan dahulu kerap dijadikan tempat ritual malam keramat.', '2024-09-12', 'Helfi Kardit', 'Kenya Nindia, Lily SP, Angga Asyafriena, Frederika Cull, Samuel Rizal, Amagerald, Valeria Stahl Kailey, Endang Sri Lestari', 'https://filmindonesia.or.id/f/img/movie/poster/malam-keramat1.jpg?p=1319-3c');
INSERT INTO `film` VALUES (21, 'Laura', 'Laura (Amanda Rawles), selebgram ceria yang sangat disayangi oleh teman dan keluarganya, harus berjuang ketika hidupnya yang penuh warna mendadak menjadi hitam putih setelah lumpuh karena kecelakaan yang disebabkan kekasihnya, Jojo (Kevin Ardilova).', '2024-09-12', 'Hanung Bramantyo', 'Carissa Perusset, Kevin Ardilova, Unique Priscilla, Amanda Rawles', 'https://filmindonesia.or.id/f/img/movie/poster/laura.jpg?p=1319-3c');
INSERT INTO `film` VALUES (22, 'Perjanjian Setan ', 'Untuk mewujudkan impiannya kuliah, Kartini (Callista Arum) berangkat ke Jakarta dengan biaya seadanya. Kartini dibantu oleh Ivan (Kenny Austin), kekasih yang dikenalnya melalui media sosial untuk mencari tempat tinggal di Jakarta. Kartini menemukan iklan kos-kosan khusus wanita yang bisa bayar seikhlasnya. Kartini tertarik dan mendatangi tempat itu. Tapi ia mendapat beberapa syarat aneh. Karena terdesak keadaan, ia menyetujui semuanya. Kartini segera pindah dan sejak saat itulah ia mendapati banyak hal-hal misterius. Kartini tak menyadari bahwa nyawanya sedang terancam karena akan dijadikan tumbal.', '2024-09-05', 'Farid Dermawan', 'TJ Ruth, Kenny Austin, Gemi Nastiti, Callista Arum, Jessica Shania', 'https://filmindonesia.or.id/f/img/movie/poster/perjanjian-setan.jpg?p=1319-3c');
INSERT INTO `film` VALUES (23, 'Seni Memahami Kekasih', 'Pada tahun 2016, Kalis (Febby Rastanty) melakukan perjalanan dari sebuah desa di Solo ke Yogyakarta dengan harapan menjadi seorang penulis. Di Yogya, dia bertemu dengan Agus (Elang El Gibran), penulis dan editor Mojok. Saat mereka mulai berpacaran, Kalis mulai dihantui oleh trauma yang dialami oleh Rahayu, teman dekatnya yang mengalami perlakuan buruk dari suaminya. Hal ini membuatnya menjauh dari Agus, sampai akhirnya, Agus merasa lelah dan memutuskan untuk mengakhiri hubungan mereka. Kalis pun merasa sedih dan menyesal. Setelah kembali ke Solo, Kalis belajar tentang konsep \"soulmate\" dari ayahnya. Sementara itu, Agus juga kembali karena dia tidak bisa berhenti memikirkan Kalis. Saat mereka terhubung kembali, Agus memahami alasan sebenarnya di balik perilaku Kalis sebelumnya: masalah kompleks yang dialami oleh temannya, Rahayu. Dengan pemahaman baru ini, Agus dan Kalis akhirnya dapat mengerti satu sama lain dengan lebih baik. Agus dan keluarganya melamar Kalis, dan mereka memutuskan untuk menikah dan membangun kehidupan bersama.', '2024-09-05', 'Jeihan Angga', 'Elang El Gibran, Febby Rastanty', 'https://filmindonesia.or.id/f/img/movie/poster/seni-memahami-kekasih.jpg?p=1319-3c');
INSERT INTO `film` VALUES (24, 'Cinta Dari Timor', 'Ketika referendum Timor Timur diberitakan, Langit (Jourdy Pranata) berjanji membawa Bintang (Adhisty Zara) pergi dari negeri itu agar mereka bisa tetap bersama. Langit tak pernah datang. Setelah delapan tahun berlalu, Langit muncul menjadi sosok yang sangat berbeda. Ketika Bintang menuntut penjelasan, ia justru menemukan fakta mencengangkan mengenai alasan Langit yang tak menepati janjinya.', '2024-09-05', 'Angger Yudha Setiawan', 'Adhisty Zara, Jourdy Pranata', 'https://filmindonesia.or.id/f/img/movie/poster/cinta-dari-timor.jpg?p=1319-3c');
INSERT INTO `film` VALUES (25, 'Marbot', 'Malik (M Zayyan Sakha) yang pulang setelah mondok di pesantren selama enam tahun, merasa kecewa karena ia tidak bisa melanjutkan kuliah dan disuruh menjadi marbot oleh Nyak (Annisa Trihapsari) yang menganggapnya sebagai pekerjaan warisan keluarga. Malik berusaha menghidupkan kegiatan mushala sebagai marbot, sambil belajar dan mengumpulkan uang untuk kuliah. Sementara Nyak menunda keberangkatan naik haji untuk membiayai kuliah Malik.', '2024-08-30', 'Ario Rubbik', 'M Zayyan Sakha, Ucup Supriadi, Annisa Trihapsari, Syahwa Lairisa', 'https://filmindonesia.or.id/f/img/movie/poster/marbot.jpg?p=1319-3c');
INSERT INTO `film` VALUES (26, 'Thaghut', 'Ainun (Yasmin Napper) mengagumi Abah Mulya (Whani Darmawan) yang memiliki banyak kesaktian. Berita meninggalnya Abah Mulya diikuti pemberitahuan bahwa Abah Mulya adalah ayah kandungnya. Ainun bingung sekaligus penasaran mengenai ayah kandungnya tersebut. Didampingi sahabatnya, Bagas (Arbani Yasiz) dan Rini (Ria Ricis), Ainun datang ke padepokan Abah Mulya untuk bertakziah. Kematian Abah Mulya yang misterius akhirnya membuat Ainun masuk dalam suatu ajaran sesat yang diberikan oleh Lingga (Dennis Adhiswara), murid sekaligus orang kepercayaan Abah Mulya. Ajeng (Hana Saraswati) istri ketiga Abah Mulya dan Rahmat (Keanu Azka), adik kandung Ainun yang tinggal di Padepokan telah mengingatkan Ainun akan bahaya ajaran sesat namun dia tidak mempercayainya. Ainun makin larut dalam ajaran sesat Abah dan menimbulkan ketakutan pada sahabatnya dan juga warga Padepokan. Bagas dan Rini berusaha mengembalikan kondisi Ainun dan menyelamatkan Rahmat juga Ajeng.', '2024-08-29', 'Bobby Prasetyo', 'Yasmin Napper, Ria Ricis, Arbani Yasiz', 'https://filmindonesia.or.id/f/img/movie/poster/thaghut.jpg?p=1319-3c');
INSERT INTO `film` VALUES (27, 'Kaka Boss', 'Kaka Boss (Godfred Orindeod), seorang penagih hutang sukses, ingin banting setir menjadi penyanyi demi menyenangkan hati anak gadis semata wayangnya yang duduk di bangku SMA. Sayangnya, suaranya fals, dan tidak ada satu pun yang berani bilang, baik anak buah Kaka Boss, maupun orang-orang di studio rekaman. Mereka pun lanjut membuatkan Kaka Boss sebuah single. Sebuah bom waktu yang akan meledak dan siap memicu kekacauan.', '2024-08-29', 'Arie Kriting', 'Putri Nere, Godfred Orindeod, Abdur Arsyad, Mamat Alkatiri, Ernest Prakasa, Glory Hillary, Nowela Mikhelia', 'https://filmindonesia.or.id/f/img/movie/poster/kaka-boss.jpg?p=1319-3c');
INSERT INTO `film` VALUES (28, 'Janda', 'Agus (Rizal Habsyi), yang bekerja sebagai TKI di kilang minyak Timur Tengah, sudah sering meninggalkan istrinya Prapti (Arlita Reggina) dan anaknya Vina (Amanda Putri). Namun kepergian Agus kali ini berbeda. Ia tiba-tiba hilang tanpa kabar, hingga semua warga menganggap Prapti sudah menjadi janda. Pelbagai tekanan dialami Prapti karena statusnya sebagai janda, yang dinilai warga membawa citra buruk.', '2024-08-22', 'Rere Art2tonic', 'Arlita Reggiana Viola, Amanda Putri Revina, Eva Udhin', 'https://filmindonesia.or.id/f/img/movie/poster/janda.jpg?p=1319-3c');
INSERT INTO `film` VALUES (29, 'Kromoleo', 'Zia (Ratu Sofya) datang ke desa untuk menghadiri pemakaman ibunya, meski sempat dilarang oleh kakeknya, Danang (Tio Pakusadewo). Selain itu, Zia juga ingin menghilangkan rasa penasarannya tentang keberadaan ayahnya yang menghilang secara misterius. Kedatangan Zia mengundang kromoleo kembali muncul dan meneror desa hingga satu per satu warga berakhir dengan tragis. Saat berusaha bertahan hidup di tengah ancaman Kromoleo, Zia mengetahui fakta hubungan keluarganya yang melibatkan ayahnya, Djarot (Cornelio Sunny) dan kakeknya hingga terjadi pertumpahan darah. Djarot, seorang gali (preman), menikah dengan anak Danang (Tio Pakusadewo), ketua Petrus (Penembak Misterius). Ketika Danang tidak lagi memerlukan Djarot dan para gali yang selama ini dia manfaatkan, ia memutuskan membunuh mereka semua. Semenjak itulah muncul arwah-arwah penasaran para gali yang jadi rombongan hantu pembawa keranda (kromoleo) yang menakuti warga desa. Siapa yang menyaksikan kromoleo akan mati karena teror kromoleo. Zia terjebak untuk memilih kakeknya atau ayahnya.', '2024-08-22', 'Anggy Umbara', 'Abun Sungkar, Ratu Sofya, Tio Pakusadewo', 'https://filmindonesia.or.id/f/img/movie/poster/kromoleo.jpg?p=1319-3c');
INSERT INTO `film` VALUES (30, 'Azzamine', 'Kehidupan Jasmine (Megan Domani) berubah 180 derajat gara-gara kedatangan Azzam, (Arbani Yasiz) laki-laki yang dijodohkan oleh orangtuanya. Masalahnya, Jasmine sudah punya pacar bernama Deka, (Axel Matthew) yang menyenangkan dan seru. Bertolak belakang dengan Azzam yang kaku dan sedikit-sedikit bicara agama.', '2024-08-22', 'Benni Setiawan', 'Axel Matthew, Megan Domani, Arbani Yasiz', 'https://filmindonesia.or.id/f/img/movie/poster/azzamine1.jpg?p=1319-3c');
INSERT INTO `film` VALUES (31, 'Dosen Ghaib: Sudah Malam atau Sudah Tahu', 'Pak Bakti (Egi Fedly) adalah dosen killer yang sangat ditakuti semua mahasiswa di kampus. Kredibilitasnya dipertaruhkan ketika Amelia (Ersya Aurelia), Emir (Rayn Wijaya), Maya (Annette Edoarda), dan Fattah (Endy Arfian), dinyatakan gagal dalam mata kuliahnya. Mereka diwajibkan mengambil kelas remidi untuk memperbaiki nilai. Sayangnya, kelas remidl itu berubah menjadi pengalaman mengerikan hingga mereka ingin keluar kelas.', '2024-08-15', 'Guntur Soeharjanto', 'Annette Edoarda, Ersya Aurelia, Endy Arfian, Egi Fedly, Rayn Wijaya', 'https://filmindonesia.or.id/f/img/movie/poster/dosen-ghaib.jpg?p=1319-3c');
INSERT INTO `film` VALUES (32, 'Kang Mak: from Pee Mak ', 'Makmur (Vino G Bastian), tentara Indonesia, harus meninggalkan istrinya, Sari (Marsha Timothy), yang sedang hamil tua, untuk pergi perang membela keutuhan NKRI. Makmur berjuang bersama Supra (Indro Warkop), Fajrul (Indra Jegel), Jaka (Tora Sudiro), dan Solah (Rigen Rakelna). Keinginannya yang kuat untuk bertemu kembali dengan Sari, membuat Makmur dan teman-temannya selamat dari medan perang. Mereka mengikat janji sebagai sahabat sehidup semati. Ketika pulang, Makmur bersatu kembali dengan Sari yang sudah melahirkan anak mereka, Cipluk. Teman-teman Makmur juga ikut bahagia dan sedikit iri, melihat kemesraan Makmur pada istrinya yang cantik luar biasa. Namun situasi menjadi tidak nyaman, ketika terdengar desas-desus bahwa Sari itu sudah meninggal. Sari yang hidup bersama mereka adalah arwah gentayangan.', '2024-08-15', 'Herwin Novianto', 'Rigen Rakelna, Indra Jegel, Indro Warkop, Tora Sudiro, Marsha Timothy, Vino G Bastian', 'https://filmindonesia.or.id/f/img/movie/poster/kang-mak-from-pee-mak.jpg?p=1319-3c');
INSERT INTO `film` VALUES (33, 'Uang Panai 2: Maha(r)l', 'Setelah berhasil mempersatukan Ancha (Ikram Noer) dan Risna (Nurfadillah) (Uang Panai\'= Maha(r)l), Tuming dan Abu membuka perusahaan untuk mengatasi problem pasangan yang terkendala dengan uang panai (mahar) yang sangat mahal. Banyak kisah romantik dan komedi mereka alami saat mengelola perusahaan itu.', '2024-08-08', 'Ihdar Nur', 'Ikram Noer, Nurfadillah, Tumming, Abu', 'https://filmindonesia.or.id/f/img/movie/poster/uang-panai-2.jpg?p=1319-3c');
INSERT INTO `film` VALUES (34, 'Rumah Dinas Bapak', 'Dodit (Octavianus Fransiskus), Ibu (Putri Ayudya), Mbak Lis (Yasamin Jasem), dan Mas Dewo (Elang El Gibran) harus ikut Bapak (Dodit Mulyanto) pindah ke rumah dinas barunya di tengah hutan jati. Di sana, ada sebuah penjara yang konon digunakan untuk menghukum blandong (pencuri kayu). Anehnya, tiap malam Jumat Kliwon hal-hal mengerikan terjadi. Dodit, Ibu, Mbak Lis, dan Mas Dewo semua mendapat teror. Termasuk dua anak buah Bapak, Sugeng (Sadana Agung) dan Kasno (Fajar Nugra).', '2024-08-08', 'Bobby Prasetyo', 'Putri Ayudya, Yasamin Jasem, Elang El Gibran, Dodit Mulyanto', 'https://filmindonesia.or.id/f/img/movie/poster/rumah-dinas-bapak.jpg?p=1319-3c');
INSERT INTO `film` VALUES (35, 'Lokananta', 'Kisah cinta Loka (Brian Andrew) dan Ananta (Fiedra Azalia) yang terhalang oleh iman yang berbeda. Susah-payah mereka perjuangkan cinta. Ananta dihadapkan dilema yang sulit: menuruti keingainan orangtua yang menjodohkan dengan Syafir (Syakir Daulay) atau kembali pada Loka yang telah mengisi hatinya. Akan tetapi keduanya menyadari bahwa bukan keyakinan iman yang menyatukan mereka. Namun musik yang menyatukan mereka.', '2024-08-08', 'Puguh PS Admaja', 'Bryan Andrew, Fiedra Azalia, Syakir Daulay, Ray Sahetapy, Joune Ganda', 'https://filmindonesia.or.id/f/img/movie/poster/lokananta1.jpg?p=1319-3c');
INSERT INTO `film` VALUES (36, 'Sakaratul Maut ', 'Pak Wiryo (Jose Rizal Manua) dan istri pertamanya (Retno Soetarto) mengalami kecelakaan maut. Istrinya tewas di tempat, sedangkan Pak Wiryo jatuh koma dan sulit meregang nyawa. Tetangga bergosip Pak Wiryo bisa selamat karena ‘ngilmu’ dan punya ‘pegangan’. Saat Pak Wiryo menghadapi sakaratul maut, anak-anaknya dari istri pertama dan Giyem (Maryam Supraba), istri kedua, malah sibuk berebut harta warisan. Bersamaan dengan konflik itu, rentetan teror menyerang anak-anak Pak Wiryo. Satu per satu dari mereka diteror Jin mengerikan.', '2024-08-01', 'Sidharta Tata', 'Rendra Bagus Pamungkas, Jose Rizal Manua, Della Dartyan, Indah Permatasari, Claresta Taufan', 'https://filmindonesia.or.id/f/img/movie/poster/sakaratul-maut.jpg?p=1319-3c');
INSERT INTO `film` VALUES (37, 'Kabut Berduri', 'Sanja (Putri Marino), detektif, terpaksa menghadapi hantu-hantu masa lalunya saat menyelidiki serangkaian pembunuhan mengerikan di sepanjang perbatasan Indonesia-Malaysia.', '2024-08-01', 'Edwin', 'Putri Marino, Lukman Sardi, Yoga Pratama', 'https://filmindonesia.or.id/f/img/movie/poster/kabut-berduri.jpg?p=1319-3c');
INSERT INTO `film` VALUES (38, 'Heartbreak Motel', 'Ava (Laura Basuki), aktris terkenal, dituntut untuk tampil sempurna di depan publik. Namun, di balik gemerlap kehidupannya Ava merasa kesepian. Ava memutuskan mengambil jeda dari dunia hiburan dan bekerja secara incognito di sebuah motel terpencil bernama Heartbreak Motel. Di tempat tersebut ia bertemu dengan Raga (Chicco Jerikho), yang bekerja untuk sebuah perusahaan asing . Dia tidak mengetahui Ava sebagai seorang aktris terkenal dan memperlakukannya apa adanya sebagai orang biasa. Karena perlakuan itu Ava merasa nyaman dengan Raga dan jatuh cinta kepadanya. Di sisi lain terdapat Reza (Reza Rahadian), aktor dan mantan kekasih, yang masih mencintainya. Reza berusaha memenangkan kembali hatinya, tetapi dia sudah terlanjur jatuh cinta kepada Raga. Ava harus memilih cinta sejati yang sederhana atau kembali ke dunia hiburan dan menjadi selebritas bersama Reza.', '2024-08-01', 'Angga Dwimas Sasongko', 'Laura Basuki, Chicco Jerikho, Reza Rahadian Matulessy', 'https://filmindonesia.or.id/f/img/movie/poster/heartbreak-motel1.jpg?p=1319-3c');
INSERT INTO `film` VALUES (39, 'All Access To Rossa 25 Shining Years ', 'Kisah perjalanan Rossa berkarir di industri musik selama lebih dari 25 tahun. ', '2024-08-01', 'Ani Ema Susanti', NULL, 'https://filmindonesia.or.id/f/img/movie/poster/poster-all-access-to-rossa.jpg?p=1319-3c');
INSERT INTO `film` VALUES (40, 'Bangsal Isolasi', 'Weni (Kimberly Ryder), jurnalis, dengan sengaja merekayasa dirinya jadi narapidana demi mengungkap misteri kematian adiknya, Ratna (Hanisah Halim) di sebuah bangsal mengerikan yang dijuluki para napi ruang kutukan karena yang masuk ke dalamnya akan berakhir dengan kematian. Upaya Weni dibantu oleh Adit (Ibrahim Risyad), sipir penjara. Bela (Wulan Guritno), napi mafia human trafficking sangat ditakuti oleh para napi. Setiap yang berurusan dengan Bella akan berakhir di bangsal isolasi oleh kepala lapas, Herman (Piet Pagau). Di lapas, hanya Rusdiah (Rowiena Umboh), psikolog, yang lembut, baik hati, dan memotivasi para napi. Bangsal Isolasi membungkam apa yang nyata, siapa yang baik, dan siapa yang palsu.', '2024-07-25', 'Adhe Dharmastriya', 'Ibrahim Risyad, Wulan Guritno, Kimberly Ryder', 'https://filmindonesia.or.id/f/img/movie/poster/bangsal-isolasi.jpg?p=1319-3c');
INSERT INTO `film` VALUES (41, 'Romeo Ingkar Janji', 'Karena hubungan kedua orangtuanya retak, Agatha (Valerie Thomas) memandang cinta sebagai kesialan dalam hidup. Hingga suatu hari Agatha bertemu Romeo (Morgan Oey)  yang sedang menggambar sketsa pemandangan di tepi danau. Sejak itu hubungan mereka semakin intim, terutama karena keduanya memiliki kisah hidup yang hampir sama. Namun perjalanan cinta itu tidak semulus seperti yang mereka harapkan. Mereka dipertemukan dan dipisahkan oleh takdir, namun mereka kemudian dipertemukan kembali dengan cara di luar nalar manusia.', '2024-07-25', 'Emil Heradi', 'Valerie Thomas, Morgan Oey', 'https://filmindonesia.or.id/f/img/movie/poster/romeo-ingkar-janji1.jpg?p=1319-3c');
INSERT INTO `film` VALUES (42, 'Catatan Harian Menantu Sinting', 'Ini cerita cinta Minar (Ariel Tatum) dan Sahat (Raditya Dika) dan Mamak Mertua (Lina Marpaung) dengan latar belakang keluarga Batak. Minar dan Mama Mertua punya kepercayaan berbeda tentang cinta. Buat Minar cinta adalah quality time dan komunikasi. Sedangkan buat Mamak Mertua, cinta adalah kehadiran anak laki-laki sebagai penerus marga. Karena itu, sejak awal pernikahan Mamak Mertua tidak pernah bosan menagih Minar untuk memberikan cucu laki-laki. Karena belum punya cukup uang, terpaksa Minar dan Sahat tinggal di rumah Mamak Mertua dan dihadiahi ranjang peninggalan kakek Sahat. Ranjang itu disebut ‘Ranjang Keramat’ oleh Mamak Mertua, karena satu minggu tidur di ranjang itu dia langsung hamil Monang (Robby Purba), anak pertamanya. Minar punya sebuah agenda: mengajak Sahat keluar dari rumah Mamak Mertua. Minar mau memiliki rumah sendiri, tanpa campur tangan Mamak Mertua. Tapi, apa mungkin Mamak Mertua mengizinkan Minar dan Sahat keluar dari rumahnya sebelum memberi Mamak Mertua cucu laki-laki?', '2024-07-18', 'Sunil Soraya', 'Ariel Tatum, Raditya Dika', 'https://filmindonesia.or.id/f/img/movie/poster/catatan-harian-menantu-sinting.jpg?p=1319-3c');
INSERT INTO `film` VALUES (43, 'Pusaka', 'Risang Wisangko (Slamet Rahardjo), kolektor barang antik, meninggal dunia. Dalam wasiatnya, ia minta tempat tinggalnya direnovasi jadi museum terbuka untuk umum. Nina (Shareefa Daanish), pemilik perusahaan renovasi, menunjuk Sandra (Ullu Triani), Hanna (Susan Sameh), dan David (Ajil Ditto) menangani proyek itu. Prof Dirga (Joseph Kara) dan Mayang (Sahila Hisyam), asistennya, bertugas mengurus barang-barang antik yang akan dipamerkan. Mereka menemukan berbagai pusaka di rubanah rumah itu. Mayang mengenali sebuah keris terkutuk di masa lampau. Sandra mempermainkan keris itu hingga tanpa sengaja tangannya tergores dan berdarah. Anehnya, darah yang menempel pada keris, hilang dihisap oleh keris itu. Suasana mencekam. Mayang bersikeras agar mereka keluar dari ruang itu. Kejadian aneh mulai terjadi. Sandra kesurupan. Keadaan semakin tak terkendali.', '2024-07-18', 'Rizal Mantovani', 'Ully Triani, Susan Sameh, Ajil Ditto', 'https://filmindonesia.or.id/f/img/movie/poster/pusaka.jpg?p=1319-3c');
INSERT INTO `film` VALUES (44, 'Ajian Kemat Jaran Guyang', 'Baridin (Ao Happiness), pemuda miskin yang tinggal bersama ibunya, Wangsih (Nita Hinduan) karena ayahnya meninggal saat ia berusia 40 hari. Mereka harus bertahan hidup dalam keadaan ekonomi yang sulit. Baridin jatuh cinta pada Suratminah (Aurellia Siregar), anak orang paling kaya dan disegani di kampungnya. Baridin tidak sengaja berpapasan di jalan dengan Suratminah. Baridin menyatakan cintanya pada Suratminah. Namun Suratminah telah menolak mentah-mentah cintanya. Baridin lalu melakukan ritual Kemat Jaran Guyang untuk memikat Suratminah. Iia juga melakukan puasa 40 hari 40 malam. Suratminah pun tergila-gila dan mendatangi Baridin minta dinikahi. Sayangnya Baridin meningga dunia.', '2024-07-11', 'Mulyo HR', 'Aurellia Siregar, Ao Happiness', 'https://filmindonesia.or.id/f/img/movie/poster/ajian-kemat-jaran-guyang.jpg?p=1319-3c');
INSERT INTO `film` VALUES (45, 'Mungkin Esok Lusa atau Nanti', 'Kemuning (Natasya Nurhalima) menempuh S2 di Turki. Namun, Ning tetap teguh untuk setia menunggu cinta sejatinya, Raditya (Bilal Fadh), yang berjanji akan meminangnya suatu saat nanti. Bahkan demi memenuhi janjinya, Ning menolak cinta Dewo (Tegar Iman), yang ternyata bersahabat dengan Raditya. Raditya mengunjungi Dewo untuk mengabarkan bahwa ia akan menikah dengan gadis pilihan ibunya, dan harus meninggalkan Ning. Kabar ini membuat Ning hancur.', '2024-07-11', 'Iwan Kurniawan', 'Natasya Nurhalimah, Bilal Fadh, Tegar Iman', 'https://filmindonesia.or.id/f/img/movie/poster/mungkin-esok-lusa-atau-nanti.jpg?p=1319-3c');
INSERT INTO `film` VALUES (46, 'Jurnal Risa by Risa Saraswati', 'Kamera dokumenter merekam sebuah perjalanan mengerikan tim Jurnal Risa dalam upaya menyelamatkan bintang tamu mereka, Prinsa, yang diikuti oleh hantu yang paling mereka takuti, Samex. Hantu yang selalu mendatangi siapapun yang menyebut namanya.', '2024-07-11', 'Rizal Mantovani', 'Nicko Irham, Risa Saraswati, Prinsa Mandagie, Ranggana Purwana', 'https://filmindonesia.or.id/f/img/movie/poster/jurnal-risa.jpg?p=1319-3c');
INSERT INTO `film` VALUES (47, 'Harta Tahta Boru Ni Raja', 'Jerry Panjaitan (Mark Natama) lebih suka menamai dirinya Jerry Tan karena minder mengaku orang Batak.Jerry membuat skripsi tentang sejarah tokoh Pahlawan Nasional yang tak lain masih leluhurnya karena semarga yakni Jendral DI Panjaitan. Berangkatlah Jerry ke Balige, Kabupaten Toba, beserta tiga sahabatnya, Elin (Frislly Herlind), Aliya (Fahira Almira), dan Hendro (Fadlan Holao), yang ingin liburan ke Danau Toba. Jerry merasa asing di kampung halamannya, karena ini pengalaman pertamanya. Disana dia bertemu Ita Pangaribuan (Novia Situmeang), penulis DI Panjaitan. Ternyata Ita juniornya yang sudah lulus duluan namun balik kampung untuk bekerja dan mambangun kampungnya. Riset dan data Jerry semuanya dibantu Ita. Hal itu membuat Elin cemburu, karena dia menyukai sahabatnya tersebut. Ternyata Ita disukai oleh Bang Jemun Nainggolan (Jenda Munthe), pemuda kampung yang cukup disegani dan pemilik Lapo BUMN. Jerry menaruh hati kepada Ita. Ini membuat Bang Jemun terbakar cemburu dan terjadi persaingan serius untuk mendapatkan Ita.', '2024-07-11', 'Agustinus Sitorus', 'Frislly Herlind, Mark Natama, Jenda Munthe, Novia Situmeang', 'https://filmindonesia.or.id/f/img/movie/poster/harta-tahta-boru-ni-raja.jpg?p=1319-3c');
INSERT INTO `film` VALUES (48, 'Janji Darah', 'Setahun menikah, Sheren (Natasha Wilona) dinyatakan positif hamil. Namun ketentraman rumah mereka mulai terganggu oleh teror mahluk halus. Rayhan (Emir Mahir), suaminya, yang dari kecil memiliki kemampuan melihat mahluk halus, kali ini tidak bisa mengetahui siapa yang mengganggu rumah mereka. Semua teror tersebut ditujukan kepada Sheren. Bersana Tyas (Shabrina Luna), teman kantornya, Sheren meminta bantuan Kasman (Kiki Narendra), kerabat dekat Tyas, untuk mengusir gangguan tersebut. Alhasil Kasman meninggal saat pulang dari rumah Sheren. Rayhan berusaha mencari tahu siapa yang mengganggu istrinya. Ternyata itu ulah Dinda (Fergie Brittany), saudara sepupunya yang sudah meninggal. Sebuah janji darah di masa kecil harus ditepati.', '2024-07-04', 'Sentot Sahid', 'Emir Mahira, Natasha Wilona', 'https://filmindonesia.or.id/f/img/movie/poster/janji-darah.jpg?p=1319-3c');
INSERT INTO `film` VALUES (49, ' Sekawan Limo ', 'Bagas (Bayu Skak), Lenni (Nadya Arina), Dicky (Firza Valaza), Juna (Benidictus Siregar), dan Andrew (Indra Pramujito) dipersatukan ketika mendaki Gunung Madyopuro. Penjaga pos pendakian mewanti-wanti: rombongan harus genap dan dilarang menoleh ke belakang atau akan ada yang mengikuti. Mereka gagal mematuhi mitos, dan sepanjang perjalanan terus dihantui. Setelah tersesat hingga malam 1 Suro, akhirnya mereka sadar kalau dari berlima salah satu bukan manusia, dan mulai saling tuduh siapa yang hantu di antara mereka.', '2024-07-04', 'Bayu Skak', 'Keisya Levronka, Bayu Skak, Dono Pradana, Benidictus Siregar, Indra Pramujito, Nadya Arina, Firza Valaza', 'https://filmindonesia.or.id/f/img/movie/poster/sekawan-limo.jpg?p=1319-3c');
INSERT INTO `film` VALUES (50, ' Si Juki the Movie: Harta Pulau Monyet ', 'Di tengah kondisi keuangan keluarga yang sulit, Si Juki menemukan peta harta karun peninggalan nenek moyangnya. Bersama Profesor Juned, Babeh dan Emak, Si Juki memulai petualangan berburu harta karun di sebuah pulau misterius. Sebelum melaut, Juki bertemu dan dibantu oleh pemburu harta karun wanita bernama Susi. Dalam petualangannya, mereka harus menghadapi berbagai rintangan mulai dari segerombolan bajak laut yang dikenal sebagai bajak laut Badai, monster, pasukan monyet, hingga kutukan yang dapat menyebabkan bencana luar biasa.', '2024-06-27', 'Faza Meonk', 'Faza Meonk, Maya Wulan, Jaja Mihardja, Indro Warkop', 'https://filmindonesia.or.id/f/img/movie/poster/si-juki-harta-pulau-monyet.jpg?p=1319-3c');
INSERT INTO `film` VALUES (51, ' Marni: The Story of Wewe Gombel ', 'Anisa (Amanda Rigby) bersama ibunya Rahayu (Hannah Al Rashid) dan adiknya Aan (Attar Barakbah), pindah ke sebuah desa terpencil dengan legenda lokal yang menyeramkan. Anisa berusaha melindungi adiknya dari mahluk halus yang sering menculik anak-anak pada saat maghrib. Suatu hari Aan hilang saat maghrib. Dibantu seorang pemuda bernama Tama (Reza Hilman), anak dari Pak Lurah (Mathias Muchus), Anisa mencari cara untuk mengembalikan Aan. Setelah Aan ditemukan, Aan tidak sama lagi seperti sebelumnya. Ia menjadi lebih pendiam. Anisa sendiri mengalami keanehan pada dirinya. Keanehan ini dilihat oleh sahabatnya Poppy (Frislly Herlind). Rahayu menjadi khawatir dan berusaha melakukan apapun untuk melindungi kedua anaknya.', '2024-06-27', 'Billy Christian', 'Athar Barakbah, Hannah Al Rashid, Ismi Melinda, Amanda Rigby', 'https://filmindonesia.or.id/f/img/movie/poster/marni.jpg?p=1319-3c');
INSERT INTO `film` VALUES (52, ' Sengkolo: Malam Satu Suro ', 'Ibrahim, pemandi jenazah yang kehilangan keluarganya dalam kejadian mengerikan, berhenti dari pekerjaannya. Namun ia terpaksa memenuhi permintaan Pak Kades untuk memandikan keluarga kaya di kampungnya mati misterius. Warga percaya kematian itu disebebakan oleh ilmu hitam. Tidak ada pemandi yang mau memandikan mereka. Setelah setahun, dia menemukan petunjuk tentang kematian keluarganya dan menghadapi kejahatan yang menunggunya di rumah terkutuk itu.', '2024-06-20', 'Hanny Saputra', 'Kenya Nindia, Donny Alamsyah, Fauzan Nasrul, Nesia Weroza Puspa', 'https://filmindonesia.or.id/f/img/movie/poster/sengkolo-malam-satu-suro.jpg?p=1319-3c');
INSERT INTO `film` VALUES (53, 'Lafran', 'Film biopik tentang Lafran Pane (Dimas Anggara), pendiri organisasi Himpunan Mahasiswa Islam (HMI), diawali dengan Lafran kecil (Nabil Lungguna), yang cerdas namun kurang disiplin. Lafran tumbuh menjadi pemberontak dan pindah ke pelbagai sekolah, bahkan sempat menjadi petinju jalanan. Abangnya, pujangga Sanusi Pane (Aryo Wahab) dan Armijn Pane (Alfie Afandi), mendorong Lafran agar menyalurkan energinya dalam bentuk karya. Saat pendudukan Jepang, Lafran sempat ditahan karena membela para peternak sapi. Ia kemudian dibebaskan setelah ayahnya menebus dengan menyerahkan bus Sibual-buali kepada tentara Jepang. Semasa kuliah di Jogjakarta, Lafran gelisah melihat kaum muslim terpelajar yang terlalu larut dalam pemikiran sekular, dan melupakan ibadah. Ia pun mendirikan HMI sebagai wadah untuk berjuang dalam bingkai keislaman dan keindonesiaan serta nonpolitik. Didukung oleh kekasihnya, Dewi (Lala Karmela), ia merelakan HMI dipimpin mahasiswa yang bukan dari Sekolah Tinggi Islam, sebelum meminta Syafaat Muntadja (Farandika) dari UGM untuk meminpin HMI.', '2024-06-20', 'Faozan Rizal', 'Dimas Anggara', 'https://filmindonesia.or.id/f/img/movie/poster/lafran.jpg?p=1319-3c');
INSERT INTO `film` VALUES (54, ' Cinta Kiblat ', 'Kiblat (Bio One) menyatakan akan melamar kekasihnya, Asya (Hanggini). Asya menerima dengan syarat Kiblat menemui ayah Asya dan mendapat restunya. Ketika Kiblat bercerita kepada ibunya tentang keinginannya untuk menikah, ibunya menolak mentah-mentah keinginan tersebut. Halangan Kiblat dan Asya untuk menikah justru datang dari ibu Kiblat sendiri.', '2024-06-14', 'M Amrul Ummami', 'Bio One, Hanggini, Vonny Anggraini', 'https://filmindonesia.or.id/f/img/movie/poster/cinta-kiblat.jpg?p=1319-3c');
INSERT INTO `film` VALUES (55, ' Cek Ombak (Lagi) ', 'Walaupun secara resmi bersaudara, karena orangtua menikah, tapi Kika dan Igo tetap melanjutkan hubungan pacaran mereka. Dan sekarang sudah tiga tahun lebih Kika dan Igo melakukan LDR-an Jakarta-Ausie. Tiba-tiba Igo pulang ke Jakarta tanpa sepengetahuan Kika. Papa Juno memberitahukan berita kepulangan Igo. Dengan berbunga-bunga Kika mempersiapkan kepulangan Igo. Namun Igo pulang tak sendirian. Ia membawa Alyne (Lamija Leroy). Kika mencoba cek ombak sebenanya ada hubungan special apa antara Igo dan Alyne? Dan sebenarnya Igo juga sedang eek ombak tentang Kika. Apakah benar Kika setia padanya? Atau seperti yang diceritakan Danang (Adhy P Maharkins), teman  kerja Igo di restoran papa Juno, kalau Kika memang dekat banget dengan cowok bernama Justin (Moekti Halid).', '2024-06-14', 'Suroso MYS', 'Hanggini, Bryan Domani, Lamija Leroy', 'https://filmindonesia.or.id/f/img/movie/poster/cek-ombal-lagi.jpg?p=1319-3c');
INSERT INTO `film` VALUES (56, ' Ipar Adalah Maut ', 'Cinta datang tak pernah bisa ditebak, Nisa (Michelle Ziudith) dipinang oleh dosen muda dari kampusnya, Aris (Deva Mahenra), laki-laki cerdas yang punya pesona luar biasa. Pernikahan mereka bagai pernikahan negeri dongeng, sempurna, apalagi dengan kelahiran putri mereka, Raya (Alesha Fadillah). Sayangnya, seperti juga cinta masalah datang tanpa diduga. Ibu Nisa menitipkan putri keduanya, Rani (Davina Karamoy), untuk tinggal bersama Aris dan Nisa. Rani tadinya menjaga jarak dengan Aris, tapi perlahan, celahhubunganterlarang terbuka. Dibelakang Nisa, Aris mengkhianati pernikahandenganadikkandung istrinya sendiri.', '2024-06-13', 'Hanung Bramantyo', 'Davina Karamoy, Deva Mahenra, Michelle Ziudith', 'https://filmindonesia.or.id/f/img/movie/poster/ipar-adalah-maut.jpg?p=1319-3c');
INSERT INTO `film` VALUES (57, ' Dilan 1983: Wo Ai Ni ', 'Tahun 1983, setelah satu setengah tahun tinggal di Timor Timur, Dilan kembali ke Bandung. Dilan kembali bertemu dengan teman-teman lamanya di SD tempat dulu dia sekolah. Tapi, ada murid baru pindahan dari Semarang. Namanya Mei Lien, gadis keturunan Tionghoa. Ini mungkin buku tentang cinta monyet biasa, yang banyak dialami manusia normal di dunia. Tak ada cinta-cintaan karena masih SD, tapi Mei Lien telah membuat Dilan jadi belajar bahasa Mandarin dan tertarik membaca buku yang membahas tentang China. Bandung masih sunyi waktu itu. Zaman di mana Dilan juga mengalami adanya peristiwa Penembakan Misterius, meletusnya Gunung Galunggung, dan Gerhana Matahari Total.', '2024-06-13', 'Fajar Bustomi, Pidi Baiq', 'Bucek, Muhammad Adhiyat, Ira Wibowo, Malea Emma Tjandrawidjaja', 'https://filmindonesia.or.id/f/img/movie/poster/dilan1983-woaini.jpg?p=1319-3c');
INSERT INTO `film` VALUES (58, ' Paku Tanah Jawa ', 'Sejak kecil Ningrum (Gisellma Firmansyah) harus menghadapi pandangan negatif warga sekitar, karena ibunya, Handini (Masayu Anastasia), selalu diisukan memiliki banyak pria untuk syarat pesugihan. Kematian seorang teman dekat Handini, membuat keluarganya semakin disudutkan warga. Hidup Ningrum semakin tidak tenang setelah lelaki yang diam-diam ia cintai, Jalu (Wafda Saifan), justru terjebak menjadi tumbal baru Handini. Ningrum harus melawan banyak teror gaib. Ningrum mendapatkan petunjuk dan meminta bantuan pada seorang Kyai yang memberinya tombak sakti yang dapat digunakan untuk memusnahkan ilmu hitam yang ada di muka bumi.', '2024-06-06', 'Drias ', 'Wafda Saifan, Giselma Firmansyah, Masayu Anastasia', 'https://filmindonesia.or.id/f/img/movie/poster/paku-tanah-jawa.jpg?p=1319-3c');
INSERT INTO `film` VALUES (59, ' Dinda ', 'Sudah tiga tahun Dinda (Syifa Hadju) pergi ke Malaysia dan menjalin hubungan jarak jauh dengan pacarnya, Geri (Angga Yunanda). Kini Dinda kembali dan berharap hubungannya dengan Geri bisa semakin harmonis. Sayangnya, awal yang buruk terjadi: Geri tak bisa meninggalkan pekerjaannya sebagai fotografer, padahal dia sudah berjanji akan mengantar Dinda untuk melamar kerja. Dinda terlambat, tapi diterima kerja di sebuah toko bunga milik Satya (Fadi Alaydrus). Dinda merasa jauh dari Geri, seolah menyembunyikan banyak rahasia. Di titik inilah Satya (Fadi Alaydrus) menawarkan rumah yang nyaman.', '2024-06-06', 'Monty Tiwa', 'Angga Yunanda, Syifa Hadju', 'https://filmindonesia.or.id/f/img/movie/poster/dinda.jpg?p=1319-3c');
INSERT INTO `film` VALUES (60, ' Harta Tahta Raisa ', 'Berawal dari kisah tentang konser tunggal Raisa di 2023, film ini menceritakan perjalanan di balik panggung perjalanan karir Raisa sebagai musisi.', '2024-06-06', 'Soleh Solihun', 'Raisa', 'https://filmindonesia.or.id/f/img/movie/poster/poster-harta-tahta-raisa.jpg?p=1319-3c');
INSERT INTO `film` VALUES (61, ' Saat Menghadap Tuhan ', 'Damar (Rafi Sudirman) memiliki masa lalu yang gelap karena pernah membunuh waktu berumur 10 tahun. Impiannya adalah membuat ibunya bahagia. Damar harus kembali dihadapkan dengan situasi yang menguji kesabarannya supaya tidak meledak ketika dua sahabat baiknya di SMA, Gito (Abielo Parengkuan) jadi korban perundungan dan Nala (Denisha Wahyuni) menjadi korban pelecehan seksual ayahnya.', '2024-06-06', 'Rudi Soedjarwo', 'Rafi Sudirman, Abielo Parengkuan', 'https://filmindonesia.or.id/f/img/movie/poster/saat-menghadap-tuhan.jpg?p=1319-3c');
INSERT INTO `film` VALUES (62, ' Mawang: Jangan Sebut Namanya ', 'Bangka tahun 1981. Kakak dan adiknya memperebutkan ‘peliharaan’ yang dikenal dengan sebutan Mawang. Makhluk berbadan besar, berbulu, bertaring dan berkuku tajam. Sang kakak mau tetap memelihara Mawang, agar menjadi sakti dan kaya raya. Sedangkan adiknya ingin keluarganya terbebas dari efek buruk yang dibawa Mawang. Terjadilah pertikaian kakak beradik ini. Akhinya Mawang tersebut dikurung oleh si adik dalam sebuah kotak keramat.', '2024-06-01', 'Iqbal Rachman', 'Aldi Taher, Dita Zulaika, Rizki Akbar, Puput Marshanda', 'https://filmindonesia.or.id/f/img/movie/poster/mawang.jpg?p=1319-3c');
INSERT INTO `film` VALUES (63, 'Temurun', 'Setelah meninggalnya ibu mereka, Dewi (Yasamin Jasem) dan Sena (Bryan Domani) dijemput ayah mereka (Kiki Narendra) untuk tinggal bersama dan mewariskan perusahaan produksi daging milik keluarga. Saat tiba disana, keduanya mesti menghadapi segala teror, trauma, serta sosok nenek kandung mereka, Gayatri (Jajang C Noer).', '2024-05-30', 'Inarah Syarafina', 'Yasamin Jasem, Bryan Domani', 'https://filmindonesia.or.id/f/img/movie/poster/temurun1.jpg?p=1319-3c');
INSERT INTO `film` VALUES (64, 'Taksu Bali: Leak Ugig ', 'Ilmu hitam dikirimkan ke keluarga Galuh (Galuh Bilen), istri kedua Ngurah (Ngurah Subakti). Akibatnya, terungkaplah kisah 17 tahun silam. Sari, istri pertama Ngurah, diceraikan setelah segala pengorbanan yang dia lakukan, termasuk menumbalkan anak dalam kandungannya.', '2024-05-28', 'Mimi Jegon', 'Galuh Bilen, Ida Gede Sudikerta, Ngurah Subakti', 'https://filmindonesia.or.id/f/img/movie/poster/taksu-bali-leak-ugig.jpg?p=1319-3c');
INSERT INTO `film` VALUES (65, 'Ayo Balikan ', 'Selatan (Bryan Domani) kembali ke kebiasaan lamanya: putus setelah tiga hari pacaran. Natali (Rebecca Klopper) jadi kurban berikutnya. Tanpa disadarinya, semua perempuan yang dipacarnya punya kemiripan dengan Alma (Syifa Hadju), pacar lamanya. Dan suatu hari ia berkata kepada dua sahabatnya bahwa ia capek pacaran dan mereka sepakat pergi ke luar kota. Di stasiun, Selatan melihat Alma bersama seorang pria dan ibunya. Selatan mengejarnya tapi gagal berjumpa. Ia bertekat akan mendekati Alma lagi. Banyak rintangan harus dilaluinya.', '2024-05-23', 'Rizal Mantovani', 'Syifa Hadju, Bryan Domani', 'https://filmindonesia.or.id/f/img/movie/poster/ayo-balikan.jpg?p=1319-3c');
INSERT INTO `film` VALUES (66, 'Tuhan Izinkan Aku Berdosa', 'Kisah film berulang-alik antara masa lalu dan masa kini. Sebelum menjadi seorang perempuan simpanan dan prostitusi kelas kakap—salah satu yang menjerumuskannya adalah dosennya sendiri—Kiran (Aghniny Haque) adalah mahasiswi pintar yang bercita-cita luhur. Ia tak sabar untuk bisa segera lulus, apalagi kedua orangtuanya tak banyak bisa membiayai kehidupannya. Ayah Kiran sakit keras dan hanya pensiunan. Bila tak dibantu seorang pelacur paruh baya bernama Ami (Djenar Maesa Ayu), Kiran tak bisa dapat tempat tinggal. Suatu hari Kiran mendapatkan telepon dari Abu Darda (Ridwan Raoull Rohaz ) ulama yang menjadi panutan kelompok jamaah yang diikutinya. Abu Darda menawarkan menikahi Kiran termasuk memberikan nafkah padanya dan keluarganya. Kiran tergerak untuk menerima tawaran tersebut. Namun ternyata Abu Darda sudah memiliki dua istri. Abu Darda berkata bahwa ia  sudah menghubungi orangtua Kiran untuk langsung meminang Kiran. Kiran kaget. Bukan hanya karena ia merasa Abu Darda melangkahi dirinya, tetapi juga Kiran merasa ulama itu melanggar ucapannya sendiri. Abu Darda murka dan menuding Kiran menyebarkan fitnah. Sejak saat itu, hidup Kiran berubah. Ia yang semula dianggap sebagai kader dakwah unggulan menjadi buruan dan dicap melecehkan ulama besar. Di tengah situasi ini, Kiran bertemu dengan Da\'rul (Andri Mashadi), sesama anggota jemaah, yang membantu Kiran kabur dari kelompok tersebut. Ternyata Da\'rul juga tak berbeda: munafik. Kiran tergerak untuk membongkar kemunafikan semua itu dan berujung pada peristiwa-peristiwa kekerasan berkepanjangan.', '2024-05-22', 'Hanung Bramantyo', 'Samo Rafael, Andri Mashadi, Aghniny Haque, Donny Damara, Djenar Maesa Ayu', 'https://filmindonesia.or.id/f/img/movie/poster/tuhan-izinkan-aku-berdosa1.jpg?p=1319-3c');
INSERT INTO `film` VALUES (67, 'Malam Pencabut Nyawa', 'Respati (Devano Danendra) menderita insomnia setelah kematian tragis orang tuanya. Teror mulai menghantui Respati ketika ia bermimpi tentang pembunuhan brutal oleh seorang perempuan misterius. Ternyata orang-orang dalam mimpi itu benar-benar mati di dunia nyata. Dengan bantuan Wulan (Keisya Levronka), yang memahami hal-hal mistis, Respati mengetahui bahwa ia memiliki kemampuan untuk menjelajahi Alam Mimpi. Dengan nyawa orang-orang yang ia cintai sebagai taruhannya, Respati harus mengungkap misteri yang sedang terjadi dengan menghadapi teror di Alam Mimpi.', '2024-05-22', 'Sidharta Tata', 'Devano Danendra, Keisya Levronka, Mikha Hernan, Budi Ros, Fajar Nugra, Ratu Felisha', 'https://filmindonesia.or.id/f/img/movie/poster/malam-pencabut-nyawa.jpg?p=1319-3c');
INSERT INTO `film` VALUES (68, 'Do You See What I See', 'Setelah kehilangan kedua orang tuanya, Mawar (Diandra Agatha ) seringkali merasa kesepian. Rasa sepinya ini sering ia ungkapkan pada Vey (Shenina Cinnamon), teman satu kos sekaligus sahabatnya. Pada hari ulang tahunnya, Mawar berharap bisa menemukan seorang pria yang dapat membuat hari-harinya tak lagi sepi. Permintaan Mawar pun terwujud ketika ia bertemu dengan seorang pria bernama Restu (Noval Tubagus). Tentu, Vey ikut berbahagia ketika Mawar bercerita soal pacar barunya itu. Sayangnya sejak saat itu, hal-hal aneh mulai terjadi. Entah mengapa, kos-kosan mereka mengalami berbagai teror mistis. Kejadian demi kejadian aneh terjadi hingga Vey menemukan petunjuk bahwa terjadinya gangguan mistis ini berkaitan dengan pacar baru Mawar yang ternyata bukanlah manusia.', '2024-05-16', 'Awi Suryadi', 'Shenina Cinnamon, Diandra Agatha, Sonia Alyssa, Yesaya Abraham', 'https://filmindonesia.or.id/f/img/movie/poster/do-you-see-what-i-see1.jpg?p=1319-3c');
INSERT INTO `film` VALUES (69, 'Monster', 'Alana (Anantya Kirana) dan Rabin (Sulthan Hamonangan) diculik saat pulang sekolah. Biasanya mereka menghabiskan hari dengan bersepeda dan membaca komik di pinggir sungai. Namun, hari itu seorang pria asing menculik, membius, dan menaruh mereka dalam bagasi mobil. Mobil itu menjauhi lokasi penculikan menuju suatu villa di atas gunung. Saat sampai, Rabin diturunkan lebih dahulu. Alana yang masih berada dalam bagasi, menemukan cara untuk kabur. Di tengah pelariannya, Alana mengingat sahabatnya. Alana memutuskan untuk putar arah dan bertekad untuk pulang bersama Rabin.', '2024-05-16', 'Rako Prijanto', 'Anantya Kirana, Alex Abbad, Marsha Timothy, Sulthan Hamonangan', 'https://filmindonesia.or.id/f/img/movie/poster/monster.jpg?p=1319-3c');
INSERT INTO `film` VALUES (70, 'Samsara', 'Berlatarkan Bali di awal abad ke-20 yang mistikal, Samsara bercerita tentang seorang pria dari keluarga miskin bernama Darta (Ario Bayu). Ia mengalami penolakan saat ingin melamar pujaan hatinya, Sinta (Juliet Burnett), anak dari keluarga berada. Demi bisa menikahi Sinta, ia pun melakukan perjanjian gaib dengan Raja Monyet (Gus Bang Sada) untuk mendapatkan kekayaan harta. Namun, perjanjian tersebut menjadi mula dari malapetaka bagi keluarganya.', '2024-05-10', 'Garin Nugroho', 'Ario Bayu, Juliet Burnett, Gus Bang Sada', 'https://filmindonesia.or.id/f/img/movie/poster/samsara.jpg?p=1319-3c');
INSERT INTO `film` VALUES (71, 'Possession: Kerasukan', 'Faris (Darius Sinathrya) yang baru pulang dari tugas ketentaraan berbulan-bulan, langsung disambut permintaan cerai dari istrinya, Ratna (Carissa Perusset). Curiga ada laki-laki lain di balik perilaku aneh Ratna, Faris menyelidiki berbagai kemungkinan, termasuk perselingkuhan. Yang sebenarnya terjadi di luar apa yang dia pikirkan, berujung pada sesuatu yang lebih menyeramkan dari yang dia duga.', '2024-05-08', 'Razka Robby Ertanto', 'Carissa Perusset, Sara Fajira, Darius Sinathrya, Arswendy Bening Swara', 'https://filmindonesia.or.id/f/img/movie/poster/possession-kerasukan.jpg?p=1319-3c');
INSERT INTO `film` VALUES (72, 'Vina: Sebelum 7 Hari', 'Jenazah Vina (Nayla Purnama) yang ditemukan di flyover Cirebon dianggap mengalami kecelakaan motor tunggal. Nenek Vina (Lydia Kandou) curiga karena tubuh Vina remuk tak wajar namun tak punya cukup bukti untuk menolak berita acara. Vina merasuki tubuh sahabatnya Linda (Gisellma Firmansyah), Ia hanya punya waktu sebelum tujuh hari usai kematiannya untuk mengungkap kebenaran yang menyakitkan.', '2024-05-08', 'Anggy Umbara', 'Giselma Firmansyah, Nayla Purnama, Lydia Kandou', 'https://filmindonesia.or.id/f/img/movie/poster/vina-sebelum-7-hari.jpg?p=1319-3c');
INSERT INTO `film` VALUES (73, 'Mencadin: Dendam Pocong', 'Meninggalnya Wuri (Dyva Syaputri) membuat Aryan (Zidan El Hafiz), saudara Wuri, harus pulang ke kampung halamannya di Kulong Parigi. Nara (Dita Zulaika), teman Wuri sekaligus kekasih Aryan, turut serta bersama kedua teman mereka Baron (Gelby Matthew) dan Alin (Dhea Gusvita). Aryan dkk harus tinggal di kampung sampai dihari ketujuh pasca meninggalnya Wuri sesuai adat. Tujuh hari itu menjadi pengalaman mencekam. Aryan dkk dihantui sosok Mencadin yang menyerupai Wuri namun dengan wajah mengerikan. Orang orang kampung percaya bahwa meninggalnya seseorang dengan cara tidak wajar membuat arwah orang itu pulang dalam wujud berbeda. Sebutannya Mencadin: pocong berwajah buruk dan berbau sangat anyir. Kedatangan Mencadin dipercaya menjadi pertanda adanya suatu pesan yang belum tersampaikan atau suatu dendam yang belum terbalaskan.', '2024-05-01', 'Bram Ferino', 'Zidan El Hafiz, Dita Zulaika, Gelby Matthew, Dwi Bidari', 'https://filmindonesia.or.id/f/img/movie/poster/mencadin-dendam-pocong.jpg?p=1319-3c');
INSERT INTO `film` VALUES (74, 'The Architecture of Love', 'Dalam kesendirian dan keputusasaan, Raia, penulis best seller yang tak lagi mampu menulis, memutuskan terbang ke New York mengejar inspirasi. Kota ini mempertemukannya dengan River, arsitek dari Jakarta yang misterius. Perjumpaan itu menjadi awal pertemanan \'rahasia\' di antara keduanya, meski ada bom waktu yang sewaktu-waktu bisa meledak: River dan Raia sama-sama punya tragedi yang menjadikan mereka kesepian. Mereka bisa saling menyembuhkan tapi bisa juga saling melukai.', '2024-04-30', 'Teddy Soeriaatmadja', 'Putri Marino, Jerome Kurnia', 'https://filmindonesia.or.id/f/img/movie/poster/the-architecture-of-love.jpg?p=1319-3c');
INSERT INTO `film` VALUES (75, 'Menjelang Ajal', 'Sekar berusaha menghidupi tiga anaknya dengan membuka warung makan. Akhir-akhir ini ia resah karena dagangannya selalu basi sesaat setelah makanan dihidangkan. Sekar pergi menemui Mak Ambar, dukun yang memasang ‘penglaris’ di warungnya. Namun ternyata, Mak Ambar kemudian meninggal dunia. Sejak itu, Jin yang selama ini menolongnya menuntut nyawa. Sekar kerasukan tiap malam. Ketiga anaknya berusaha untuk mengobati, namun upaya itu malah mengancam nyawa mereka sekeluarga.', '2024-04-30', 'Hadrah Daeng Ratu', 'Shareefa Daanish', 'https://filmindonesia.or.id/f/img/movie/poster/menjelang-ajal.jpg?p=1319-3c');
INSERT INTO `film` VALUES (76, 'Glenn Fredly the Movie', 'Kisah perjalanan hidup Glenn Fredly (Marthino Lio): cinta, musik, dan keluarga. Karier bermusiknya, naik-turunnya sebagai penyanyi, prakarsa mengadakan konser perdamaian di kota Ambon, juga kisah asmara Glenn Fredly hingga akhirnya membangun keluarga bersama istrinya, Mutia Ayu (Zulfa Maharani).', '2024-04-25', 'Lukman Sardi', 'Zulfa Maharani, Sonia Alyssa, Bucek, Marthino Lio, Ruth Sahanaya', 'https://filmindonesia.or.id/f/img/movie/poster/glenn-fredly-the-movie.jpg?p=1319-3c');
INSERT INTO `film` VALUES (77, 'Dua Hati Biru', 'Kelanjutan kisah film Dua Garis Biru. Selama empat tahun, Bima (Angga Yunanda) berusaha menjadi bapak terbaik untuk anaknya, Adam (Farrell Rafisqy). Setelah Dara (Aisha Nurra Datau ) kembali dari kuliahnya di Korea Selatan, Bima fokus agar pernikahannya selalu baik-baik saja. Mereka berusaha membangun rumah tangga dan jadi orangtua terbaik di antara perbedaan mereka', '2024-04-17', 'Gina S Noer, Dinna Jasanti', 'Angga Yunanda, Aisha Nurra Datau, Farrell Rafisqy', 'https://filmindonesia.or.id/f/img/movie/poster/dua-hati-biru.jpg?p=1319-3c');
INSERT INTO `film` VALUES (78, 'Mukidi', 'Mukidi (Gading Marten) mencari pekerjaan di Jakarta, tapi malah jatuh cinta lebih dulu, dan nikah dengan Markonah (Della Dartyan). Karena “keberuntungan/kebaikannya”, Mukidi dipekerjakan sebagai analis kredit. Mukidi menyetujui setiap permohonan kredit yang diajukan kepadanya karena ingin membantu orang lain. Meski maksudnya baik, semua keputusan Mukidi justru berubah menjadi bencana bagi kehidupannya dan kantornya. Karena Mukidi memberikan banyak kredit ke orang-orang, kantornya bangkrut. Dia terpaksa menjadi penagih hutang.', '2024-04-11', 'Anggy Umbara', 'Arief Didu, Della Dartyan, Verdi Solaiman, Gading Marten, Joshua Suherman', 'https://filmindonesia.or.id/f/img/movie/poster/mukidi.jpg?p=1319-3c');
INSERT INTO `film` VALUES (79, 'Siksa Kubur', 'Setelah kedua orangtuanya jadi korban bom bunuh diri, Sita jadi tidak percaya agama. Sejak saat itu, tujuan hidup Sita hanya satu: mencari orang yang paling berdosa dan ketika orang itu meninggal, Sita ingin ikut masuk ke dalam kuburannya untuk membuktikan bahwa siksa kubur tidak ada dan agama tidak nyata. Namun, tentu ada konsekuensi yang mengerikan bagi mereka yang tak percaya.', '2024-04-11', 'Joko Anwar', 'Faradina Mufti, Reza Rahadian', 'https://filmindonesia.or.id/f/img/movie/poster/siksa-kubur.jpg?p=1319-3c');
INSERT INTO `film` VALUES (80, 'Badarawuhi di Desa Penari', 'Desa itu masih menyimpan misteri. Kepingan demi kepingan misteri terungkap, termasuk teror dari entitas paling ditakuti: Badarawuhi.', '2024-04-11', 'Kimo Stamboel', 'Jourdy Pranata, Maudy Effrosina, M Iqbal Sulaiman, Ardit Erwandha, Aulia Sarah', 'https://filmindonesia.or.id/f/img/movie/poster/badarawuhi.jpg?p=1319-3c');
INSERT INTO `film` VALUES (81, 'Sujud Terakhir Bapak', 'Prasetya (Indro Warkop) meninggal dalam sujudnya. Meninggalkan anaknya, Redam (Rey Mbayang) dan Cemara (Maisha Kanna), serta istrinya, Marlina (Aulia Sarah). Di tengah kedukaan itu Redam mendapat sebuah kenyataan pahit. Di sisi kubur jenazah bapaknya, seorang perempuan bernama Yohana (Alessia Cestaro) menangis tersedu-sedu. Baru beberapa waktu kemudian Redam tahu bahwa Yohana adalah istri bapaknya. Redam terpukul hebat, sebab Yohana tak lain adalah ibu Andaru (Shennina Cinnamon), kekasihnya. ', '2024-04-10', 'Reka Wijaya', 'Shenina Cinnamon, Maisha Kanna, Rey Mbayang, Indro Warkop, Alessia Cestaro, Aulia Sarah', 'https://filmindonesia.or.id/f/img/movie/poster/sujud-terakhir-bapak.jpg?p=1319-3c');
INSERT INTO `film` VALUES (82, 'Demi Si Buah Hati', 'Dona (Yuki Kato), yang sedang hamil, divonis gagal ginjal. Dona punya keinginan kuat untuk melahirkan, walaupun ancaman cuci darah dan kehilangan nyawa membayanginya. Didampingi oleh Yuda (Dion Wiyoko), suaminya, dan Haryati (Yurike Prastica), ibu mertuanya, Dona berjuang mewujudkan cita-citanya untuk melahirkan dan melihat anaknya tumbuh besar.', '2024-04-10', 'Indra Gunawan', 'Yuki Kato, Dion Wiyoko', 'https://filmindonesia.or.id/f/img/movie/poster/demi-si-buah-hati.jpg?p=1319-3c');
INSERT INTO `film` VALUES (83, 'Keluar Main 1994', 'Ibo (Arif Brata) menghadapi dilema: keinginan untuk bermain sepak bola dan tuntutan ayahnya agar fokus bersekolah. Saat ia mendaftar ke bimbingan belajar, ia bertemu dengan Vivi (Alisa Safitri), seorang senior yang ditaksirnya, yang menjadi pengajar di sana. Meskipun awalnya bertekad untuk belajar, Ibo tertarik dengan kesempatan untuk belajar lebih banyak dari Vivi di luar bimbingan. Hal ini membuatnya absen dari latihan turnamen sepakbola dan menyebabkan ketegangan dengan teman-temannya. Ibo pun harus memilih: mengejar prestasi akademik, memenangkan turnamen sepak bola, atau memenangkan hati Vivi.', '2024-03-28', 'Ihdar Nur', 'Oki DM, Arif Brata, Alisa Safitri, Adi Surya, Andreuw Darinussa', 'https://filmindonesia.or.id/f/img/movie/poster/keluar-main-1994.jpg?p=1319-3c');
INSERT INTO `film` VALUES (84, 'Para Betina Pengikut Iblis 2', 'Kekacauan di desa Potrosaran oleh ulah Tiga Iblis Betina sampai ke telinga Kiai Taqim (Iang Darmawan). Ia mengutus Ahmad (Gusti Raihan), muridnya, untuk menumpas kekejian Tiga Iblis Betina. Ternyata tidak mudah mengalahkan Tiga Iblis Betina. Apalagi Ahmad memiliki masa lalu: punya keterikatan dengan desa Potrosaran.', '2024-03-28', 'Rako Prijanto', 'Sara Fajira, Hanggini, Adipati Dolken, Mawar Eva De Jongh', 'https://filmindonesia.or.id/f/img/movie/poster/para-betina-pengikut-iblis-2.jpg?p=1319-3c');
INSERT INTO `film` VALUES (85, 'Jayaprana Layonsari', 'Ketika wabah menyerang Kalianget, Bali Utara, Patih kerajaan Kalianget Saunggaling menemukan anak kecil bernama Jayaprana (Gusti Ngurah Divta Prajna Utama) dan membawanya ke puri. Jayaprana dewasa (Made Janhar Winatha Gautama) diperintahkan Raja segera menikah. Dia bertemu dengan Sekarsari (Ni Luh Putu Diah Puspita Dewi), putri kepala desa Sekar. Mereka memutuskan menikah. Pada hari pernikahan, Raja Kalianget terkejut melihat Sekarsari. Ada kekuatan yang membuatnya jatuh cinta. Cinta menggangu pekerjaannya sebagai Raja. Pejabat kerajaan mencari pemecahannya. Salah satu obat mengembalikan keadaan Raja adalah dengan menjadikan Sekarsari sebagai isterinya.', '2024-03-28', 'Putu Kusuma Wijaya, Putu Satria Kusuma', 'Made Janhar Winatha Gautama, Ni Luh Putu Diah Puspita Dewi', 'https://filmindonesia.or.id/f/img/movie/poster/jayaprana-layonsari.jpg?p=1319-3c');
INSERT INTO `film` VALUES (86, 'Ronggeng Kematian', 'Adit (Revaldo), Ricky (Krisjiana Baharudin), Yudi (Dito Darmawan), dan Aksan (Allan Dastan) menerima undangan untuk kembali ke desa tempat mereka menjalani magang tujuh tahun sebelumnya. Apa yang seharusnya menjadi penghargaan malah menjadi pengalaman mengerikan ketika mereka bertemu Sulastri (Cindy Nirmala), hantu penari ronggeng yang penuh dendam dan menyeramkan. Sulastri tidak mencari penghargaan, melainkan kehancuran mereka.', '2024-03-28', 'Verdi Solaiman', 'Dito Dharmawan, Allan Dastan, Krisjiana Baharudin, Cindy Nirmala, Revaldo', 'https://filmindonesia.or.id/f/img/movie/poster/ronggeng-kematian.jpg?p=1319-3c');
INSERT INTO `film` VALUES (87, 'Kereta', 'Kematian ibunya (Asti Pratiwi) yang tidak sempat dihadirinya, membawa Maudy (Aghniny Haque) pulang ke kampung halaman. Ibu yang selalu diberontakinya karena Maudy merasa dirinya selalu jadi beban, dan ingin mandiri. Ibu yang melahirkan Maudy saat dia masih kuliah, hingga menghandurkan impian dan rencananya.  Dalam perjalanan pulang naik kereta dia bertemu Hansi, seorang hantu yang memiliki hutang masa lalu.', '2024-03-22', 'Eddy Prasetya', 'Bio One, Aghniny Haque', 'https://filmindonesia.or.id/f/img/movie/poster/kereta.jpg?p=1319-3c');
INSERT INTO `film` VALUES (88, 'Kurban: Budak Iblis', 'Karena kesulitan ekonomi dan selalu bermimpi buruk, Bella (Adila Fitri), Dewi (Ingrid Wijanarko), ibunya, dan Dio (Benzima Karim), adiknya, pindah ke Bandung ke rumah warisan ayah. Tapi, mimpi buruk tetap menghantui Bella. Bella ingin mencari tahu masalah apa yang terkait dengan dirinya dalam mimpi itu. Ternyata bapaknya, Purnomo (Egi Fadly), punya rahasia sangat mengerikan di rumah tersebut.', '2024-03-21', 'Findo Purwono HW', 'Adila Fitri, Ingrid Widjanarko, Benzema Karim', 'https://filmindonesia.or.id/f/img/movie/poster/kurban-budak-iblis.jpg?p=1319-3c');
INSERT INTO `film` VALUES (89, 'Kukejar Mimpi', 'Mimpi (Aisyah Aqilah) ingin menjadi cheerleader. Namun, kondisi sekolahnya tak punya kegiatan berarti dan jauh dari prestasi. Yang terkenal malah tawurannya. Mimpi bersama enam temannya berjuang untuk bisa ada aktifitas cheerleading di sekolah dengan mengikuti kompetisi yang ada. Sayang, ketrampilan dan pengalaman mereka masih jauh dari cukup. Nasib mempertemukan Mimpi dengan Leo (Oka Antara), mantan tentara yang terlilit hutang sehingga dikejar-kejar oleh debt collector. Mimpi butuh bimbingan, sementara Leo butuh uang. Namun, kemajuan yang mereka capai terbentur pada penolakan dari keluarga dan lingkungan yang melihat cheerleading adalah sesuatu yang negatif.', '2024-03-21', 'Indra Gunawan', 'Aisyah Aqilah, Oka Antara', 'https://filmindonesia.or.id/f/img/movie/poster/kukejar-mimpi.jpg?p=1319-3c');
INSERT INTO `film` VALUES (90, 'Dua Surga Dalam Cintaku', 'Arham (Aliff Alli) menghadapi dilema: cinta pada sahabat masa kecilnya, Husna (Keira Shabira), yang terserang kanker otak, dan tanggung jawab kuliahnya. Meskipun bersumpah untuk setia, tekanan Husna dan keluarganya memaksa Arham kembali fokus pada pendidikannya. Di sisi lain, Zilka (Yuki Kato), yang dibantu Arham keluar dari masa lalu kelamnya, berusaha mencari kesempatan kedua, meski bayangan masa lalunya, Erwin (Yugo Werner), mengintai. Puncaknya, Husna mengikhlaskan Arham untuk menikahi Zilka sebelum wafat.', '2024-03-21', 'Kiki Nuriswan', 'Yuki Kato, Keira Shabira, Alif Alli', 'https://filmindonesia.or.id/f/img/movie/poster/dua-surga-dalam-cintaku.jpg?p=1319-3c');
INSERT INTO `film` VALUES (91, 'Botting (Pengantin)', 'Siti (Ririn Jamil) sering mendapat surat dari lelaki yang belum pernah ia kenal. Siti dijanjikan akan dinikahi. Tapi lelaki itu tak kunjung datang. Bertahun-tahun lamanya Siti menunggu kabar. Harapan Siti tak seperti apa yang ia inginkan. Orangtua Siti sering memperhatikan tingkah laku Siti selama bertahun-tahun tersebut, sehingga hampir dikatakan gila. Siti sering melakukan hal-hal yang tak lazim: setiap sore ia ke pantai untuk melamun, menatap ke jendela, serta setiap memasuki waktu magrib Siti selalu memakai baju botting (pengantin) menghadap ke cermin sambil menyisir rambutnya. Keluarga Siti pun mendapatkan masalah yang cukup serius.', '2024-03-21', 'Syaiful HR', 'Adrian Ibrahim Magentag, Ririn Jamil, Shinta Trishap, Dimas', 'https://filmindonesia.or.id/f/img/movie/poster/poster-botting.jpg?p=1319-3c');
INSERT INTO `film` VALUES (92, 'Hantu Polong', '(Rory Asyari), Ali (Leon Dozan), Bella (Rachel Hawadi) dan Jali (Daffa Aryoseno) turun dari kapal di dermaga desa Syair Setapang dan bertemu dengan Mahiah (Berlliana Lovell). Mereka datang untuk meneliti dan mempelajari sejarah sastra. Syahdan tertarik padanya. Namun Mahia tidak terlalu menggubris sikap Syahdan, Mengetahui hal itu Bella sangat tidak suka. Suatu malam yang diterangi bulan purnama, Bella dan Ali melihat Mahiah sedang membacakan syair sambil menari di pinggir pantai. Tiba-tiba keluar sosok perempuan dari tengkuknya. Seketika terlihat wajah asli Mahiah yaitu seorang perempuan tua. Bella dan Ali menceritakan hal itu kepada Syahdan, namun Syahdan tidak percaya sama sekali. Teror menakutkan kerap menghantui mereka sejak malam itu.', '2024-03-14', 'Amir Mirza Gumay', 'Rachel Hawadi, Leon Dozan, Rory Asyari, Berlliana Lovell, Daffa Aryoseno', 'https://filmindonesia.or.id/f/img/movie/poster/hantu-polong.jpg?p=1319-3c');
INSERT INTO `film` VALUES (93, '1 CM: Pasukan Merah Putih', 'Dua kelompok anak-anak melakoni permainan tradisional perang-perangan untuk mempertahankan perbatasan sebuah negara yang tidak boleh tergeser bahkan 1 sentimeter pun. Dua kubu ini saling menangkap dan menyerang menggunakan senjata kayu dan bom air.', '2024-03-14', 'Dedy Arliansyah Siregar', 'Raihan Firjatullah Valendiaz, Ovellia Angeline Yan, Icha Lubis, Aidil Fitrah Ghassani, Destyn Clara Hanessa Sinaga, Widya Nitisara', 'https://filmindonesia.or.id/f/img/movie/poster/1-cm-pasukan-merah-putih.jpg?p=1319-3c');
INSERT INTO `film` VALUES (94, 'Bad Boy in Love', 'Di sekolahnya, Jethro (Jeff Smith) disegani, jago tarung dan cerdas. Jethro sekelas dengan Sara (Nicole Parham), gadis Solo pemalu, sederhana, dan rambutnya selalu dikuncir. Tujuan Sara pindah ke Bogor adalah fokus belajar agar masuk jurusan kedokteran. Awalnya, Jethro tak memperhatikan Sara yang diam-diam menyukai Jethro yang saat itu berpacaran dengan Lea (Cassandra Lee), gadis gaul idola banyak laki-laki. Suatu hari, Sara mengobati tangan Jethro yang terluka. Jethro mulai menyadari keberadaan Sara dan keduanya semakin dekat. Anin (Tubagus Ali), teman dekat Sara, tidak menerima Sara yang mulai dekat dengan Jethro. Ia menantang Jethro berkelahi seakan-akan memperebutkan Sara. Hal itu pun membuat Lea cemburu, mengira Jethro memiliki hubungan spesial dengan Sara.', '2024-03-14', 'Hanny R Saputra', 'Jeff Smith, Cassandra Lee, Nicole Parham', 'https://filmindonesia.or.id/f/img/movie/poster/bad-boy-in-love.jpg?p=1319-3c');
INSERT INTO `film` VALUES (95, 'Tanduk Setan', 'Horor Ramadan tentang kelahiran dan kematian yang terjadi ketika terbitnya Tanduk Setan. Teror saat menanti kelahiran anak akibat hamil duluan dan 14 hari penantian kematian akibat susuk yang belum dikeluarkan.', '2024-03-14', 'Bobby Prasetyo, Amriy R Suwardi', 'Rukman Rosadi, Diah Permatasari, Taskya Namya, Boy Muhammad, Nur Mayati', 'https://filmindonesia.or.id/f/img/movie/poster/tanduk-setan.jpg?p=1319-3c');
INSERT INTO `film` VALUES (96, 'Kartolo Numpak Terang Bulan', 'Rumah Cak Kartolo (Cak Kartolo) jadi tempat kos empat mahasiswa: Simon (Beta Sofiansyah) asal Papua, Yusuf (Wandi Marzuki) asal Makassar, Boncel (Rizky Boncel) asal Malang, dan Mat (Yuliawan Krisdianto) Asal Tulungagung. Tetangga Cak Kartolo, Ning Tini (Ning Tini) dan putranya, Jon (Arief Wibhisono), sering nongkrong dengan anak kos. Di depan rumah Kartolo ada warung kopi milik sahabatnya Cak Sapari (Cak Sapari) dan istrinya, Dewi (Dewi Kartolo). Suatu ketika Cak Kartolo jatuh sakit. Cak Sapari berinisiatif memanggil anak Cak Kartolo bernama Sari (Alda Yunalvita) untuk pulang merawat bapaknya. Kehadiran Sari menjadi perhatian anak-anak kos. Mereka berusaha untuk mendapat perhatian Sari. Kedekatan Sari dengan Jon membuat anak kos lainnya merasa tersaingi dan memicu konflik dengan Jon. Cak Kartolo tiba-tiba menceritakan hal yang mengejutkan tentang apa yang terjadi dengan keluarganya di masa lalu. Sari sangat terpukul dan memutuskan untuk pergi diam-diam dari rumah.', '2024-03-14', 'M Ainun Ridho', 'Cak Kartolo, Cak Sapari, Ning Kastini', 'https://filmindonesia.or.id/f/img/movie/poster/kartolo-numpak-terang-bulan.jpg?p=1319-3c');
INSERT INTO `film` VALUES (97, '24 Jam Bersama Gaspar', 'Indonesia 2032. Gaspar (Reza Rahadian), detektif partikelir, menemukan petunjuk tentang misteri hilangnya Kirana (Shofia Shireen), sahabat masa kecilnya. Ketika petunjuk itu mengarah kepada Wan Ali (Iswadi Pratama) yang terlibat sindikat perdagangan manusia, Gaspar yang divonis akan mati dalam 24 jam, merencanakan pembalasan bersama lima temannya.', '2024-03-14', 'Yosep Anggi Noen', 'Shenina Cinnamon, Reza Rahadian', 'https://filmindonesia.or.id/f/img/movie/poster/poster-24-jam-bersama-gaspar.jpg?p=1319-3c');
INSERT INTO `film` VALUES (98, 'Perjalanan Pembuktian Cinta', 'Fathia (Dea Annisa), seorang hafidzah, menjalani pernikahan atas paksaan orang tuanya. Ia dinikahkan dengan Satya (Donny Damara) pria beristri yang usianya terpaut jauh darinya. Padahal, hatinya terpaut pada Raehan (Teuku Ryan) laki-laki biasa yang datang membawa manisnya cinta.', '2024-03-07', 'M Amrul Ummami', 'Dea Annisa, Teuku Ryan, Donny Damara', 'https://filmindonesia.or.id/f/img/movie/poster/poster-perjalanan-pembuktian-cinta1.jpg?p=1319-3c');
INSERT INTO `film` VALUES (99, 'Titip Surat untuk Tuhan', 'Tulus (Muhammad Adhiyat) panik ketika kakak perempuannya, Dinda (Olivia Morrison), pingsan di sekolah karena tertimpuk bola. Keadaan semakin buruk, ketika saudara satu-satunya didiagnosis menderita penyakit mematikan. Tulus menyaksikan perjuangan orangtuanya untuk membayar biaya medis, bahkan dikejar oleh para penagih utang. Di usia tujuh tahun, Tulus berusaha melakukan hal terbaik yang ia bisa: mengirim surat kepada Tuhan.', '2024-03-07', 'Karsono Hadi', 'Muhammad Adhiyat, Donny Damara, Marsha Timothy, Olivia Morrison', 'https://filmindonesia.or.id/f/img/movie/poster/poster-titip-surat-untuk-tuhan.jpg?p=1319-3c');
INSERT INTO `film` VALUES (100, 'Kuyang: Sekutu Iblis yang Selalu Mengintai', 'Bimo (Dimas Aditya) memutuskan menjadi PNS dan ditugaskan di sebuah desa pedalaman. Bimo membawa istrinya Sriatun (Alyssa Abidin), yang menolak tinggal bersama orangtua Bimo. Sejak kedatangan mereka di desa tersebut, kejadian-kejadian aneh mereka alami. Sriatun merasa ada yang selalu mengawasi mereka. Bimo yang mengetahui masa lalu kelam desa tersebut mulai khawatir. Sekutu Iblis yang menghantui desa selama ini kini mengincar Sriatun yang sedang hamil untuk dijadikan tumbal. Bimo berencana membawa Sriatun pergi dari desa tersebut. Namun kekuatan Sekutu Iblis menghalangi rencana Bimo. Satu-satunya cara menyelamatkan nyawa Sriatun adalah Bimo harus mengalahkan Sekutu Iblis dengan tangannya sendiri.', '2024-03-07', 'Yongki Ongestu', 'Putri Ayudya, Alyssa Abidin, Elly D Luthan, Dimas Aditya', 'https://filmindonesia.or.id/f/img/movie/poster/poster-kuyang-sekutu-iblis.jpg?p=1319-3c');
INSERT INTO `film` VALUES (101, 'Siri Na Pacce', 'Tobo diminta oleh keluarga Karaeng Jarre untuk menikahi anaknya yang hamil (patongko siri - menutupi rasa malu). Tobo yang hanya mencintai Baji, tahu bahwa keluarganya, Karaeng Sitaba, banyak dibantu oleh Karaeng Jarre. Ia memilih jalan silariang (kawin lari). Keluarga Karaeng Jarre dan Karaeng Sitaba merasa dipermalukan. Berbagai cara dilakukan kedua keluarga untuk mencari keberadaan Baji dan Tobo hingga tiba saatnya menjadikan sitobo lalang lipa (tarung dalam sarung) menjadi solusi terakhir.', '2024-02-29', 'Surya Darmawan', 'Rafly DA3, Ega Noviantika DA2, Ardan Dangnga, Ridwan Sau, Anto Sarro', 'https://filmindonesia.or.id/f/img/movie/poster/poster-siri-na-pacce.jpg?p=1319-3c');

-- ----------------------------
-- Table structure for rate
-- ----------------------------
DROP TABLE IF EXISTS `rate`;
CREATE TABLE `rate`  (
  `rate_id` varchar(255) CHARACTER SET utf8mb4 COLLATE utf8mb4_0900_ai_ci NOT NULL,
  `rate_skor` int NULL DEFAULT NULL,
  `id_user` varchar(255) CHARACTER SET utf8mb4 COLLATE utf8mb4_0900_ai_ci NULL DEFAULT NULL,
  `id_film` varchar(255) CHARACTER SET utf8mb4 COLLATE utf8mb4_0900_ai_ci NULL DEFAULT NULL,
  PRIMARY KEY (`rate_id`) USING BTREE
) ENGINE = InnoDB CHARACTER SET = utf8mb4 COLLATE = utf8mb4_0900_ai_ci ROW_FORMAT = DYNAMIC;

-- ----------------------------
-- Records of rate
-- ----------------------------
INSERT INTO `rate` VALUES ('670f8df2813a7', 9, '670f8deded0e8', '11');
INSERT INTO `rate` VALUES ('670f8df299c13', 4, '670f8deded0e8', '83');
INSERT INTO `rate` VALUES ('670f8df2b00b8', 10, '670f8deded0e8', '47');
INSERT INTO `rate` VALUES ('670f8df2c67b8', 5, '670f8deded0e8', '12');
INSERT INTO `rate` VALUES ('670f8df2df773', 10, '670f8deded0e8', '8');
INSERT INTO `rate` VALUES ('670f8df304558', 8, '670f8deded0e8', '4');
INSERT INTO `rate` VALUES ('670f8df31d4bf', 5, '670f8dee11e1f', '59');
INSERT INTO `rate` VALUES ('670f8df336273', 6, '670f8dee11e1f', '64');
INSERT INTO `rate` VALUES ('670f8df34c71e', 6, '670f8dee11e1f', '67');
INSERT INTO `rate` VALUES ('670f8df362d44', 7, '670f8dee11e1f', '37');
INSERT INTO `rate` VALUES ('670f8df37be70', 4, '670f8dee11e1f', '36');
INSERT INTO `rate` VALUES ('670f8df3b14ac', 6, '670f8dee11e1f', '38');
INSERT INTO `rate` VALUES ('670f8df3cb9eb', 6, '670f8dee11e1f', '75');
INSERT INTO `rate` VALUES ('670f8df3e4af2', 5, '670f8dee11e1f', '48');
INSERT INTO `rate` VALUES ('670f8df4098d0', 9, '670f8dee2ae99', '68');
INSERT INTO `rate` VALUES ('670f8df422940', 4, '670f8dee2ae99', '47');
INSERT INTO `rate` VALUES ('670f8df43b94f', 9, '670f8dee2ae99', '42');
INSERT INTO `rate` VALUES ('670f8df454a2b', 5, '670f8dee2ae99', '100');
INSERT INTO `rate` VALUES ('670f8df46d8be', 4, '670f8dee2ae99', '31');
INSERT INTO `rate` VALUES ('670f8df486791', 4, '670f8dee2ae99', '50');
INSERT INTO `rate` VALUES ('670f8df49ce67', 10, '670f8dee2ae99', '19');
INSERT INTO `rate` VALUES ('670f8df4b5d97', 5, '670f8dee2ae99', '82');
INSERT INTO `rate` VALUES ('670f8df4ceec7', 4, '670f8dee43e67', '44');
INSERT INTO `rate` VALUES ('670f8df4edb6f', 5, '670f8dee43e67', '42');
INSERT INTO `rate` VALUES ('670f8df523c43', 5, '670f8dee43e67', '99');
INSERT INTO `rate` VALUES ('670f8df53ccbc', 7, '670f8dee43e67', '96');
INSERT INTO `rate` VALUES ('670f8df555c78', 6, '670f8dee43e67', '41');
INSERT INTO `rate` VALUES ('670f8df56ec8f', 5, '670f8dee43e67', '97');
INSERT INTO `rate` VALUES ('670f8df587c11', 4, '670f8dee43e67', '75');
INSERT INTO `rate` VALUES ('670f8df5a09b1', 10, '670f8dee43e67', '66');
INSERT INTO `rate` VALUES ('670f8df5b710b', 6, '670f8dee43e67', '14');
INSERT INTO `rate` VALUES ('670f8df5d0144', 7, '670f8dee5ceee', '22');
INSERT INTO `rate` VALUES ('670f8df5e9125', 4, '670f8dee5ceee', '85');
INSERT INTO `rate` VALUES ('670f8df60dcf1', 4, '670f8dee5ceee', '10');
INSERT INTO `rate` VALUES ('670f8df626e9e', 9, '670f8dee5ceee', '96');
INSERT INTO `rate` VALUES ('670f8df63fc02', 10, '670f8dee5ceee', '17');
INSERT INTO `rate` VALUES ('670f8df656230', 7, '670f8dee5ceee', '98');
INSERT INTO `rate` VALUES ('670f8df66f4a1', 7, '670f8dee5ceee', '33');
INSERT INTO `rate` VALUES ('670f8df688176', 10, '670f8dee75fd8', '73');
INSERT INTO `rate` VALUES ('670f8df6a1371', 8, '670f8dee75fd8', '1');
INSERT INTO `rate` VALUES ('670f8df6ba27b', 5, '670f8dee75fd8', '4');
INSERT INTO `rate` VALUES ('670f8df6d30ad', 6, '670f8dee75fd8', '81');
INSERT INTO `rate` VALUES ('670f8df6e95fc', 10, '670f8dee75fd8', '46');
INSERT INTO `rate` VALUES ('670f8df70e470', 7, '670f8dee75fd8', '8');
INSERT INTO `rate` VALUES ('670f8df727510', 10, '670f8dee75fd8', '21');
INSERT INTO `rate` VALUES ('670f8df740374', 4, '670f8dee75fd8', '34');
INSERT INTO `rate` VALUES ('670f8df759509', 5, '670f8dee8f272', '80');
INSERT INTO `rate` VALUES ('670f8df7724ec', 10, '670f8dee8f272', '83');
INSERT INTO `rate` VALUES ('670f8df78b3f7', 6, '670f8dee8f272', '59');
INSERT INTO `rate` VALUES ('670f8df7a4485', 8, '670f8dee8f272', '72');
INSERT INTO `rate` VALUES ('670f8df7bd4ff', 10, '670f8dee8f272', '82');
INSERT INTO `rate` VALUES ('670f8df7d917d', 6, '670f8dee8f272', '25');
INSERT INTO `rate` VALUES ('670f8df7f2042', 7, '670f8deeb2d28', '86');
INSERT INTO `rate` VALUES ('670f8df816f15', 8, '670f8deeb2d28', '74');
INSERT INTO `rate` VALUES ('670f8df82ff72', 8, '670f8deeb2d28', '73');
INSERT INTO `rate` VALUES ('670f8df84b800', 5, '670f8deeb2d28', '35');
INSERT INTO `rate` VALUES ('670f8df8649d5', 6, '670f8deeb2d28', '83');
INSERT INTO `rate` VALUES ('670f8df87da08', 5, '670f8deeb2d28', '56');
INSERT INTO `rate` VALUES ('670f8df899526', 6, '670f8deeb2d28', '90');
INSERT INTO `rate` VALUES ('670f8df8b502a', 8, '670f8deed971f', '49');
INSERT INTO `rate` VALUES ('670f8df8d0d45', 6, '670f8deed971f', '31');
INSERT INTO `rate` VALUES ('670f8df8ec808', 9, '670f8deed971f', '66');
INSERT INTO `rate` VALUES ('670f8df91152e', 9, '670f8deed971f', '74');
INSERT INTO `rate` VALUES ('670f8df92a658', 5, '670f8deed971f', '8');
INSERT INTO `rate` VALUES ('670f8df946057', 6, '670f8deed971f', '57');
INSERT INTO `rate` VALUES ('670f8df961b53', 10, '670f8def17496', '47');
INSERT INTO `rate` VALUES ('670f8df97abea', 4, '670f8def17496', '9');
INSERT INTO `rate` VALUES ('670f8df993bfc', 6, '670f8def17496', '53');
INSERT INTO `rate` VALUES ('670f8df9af716', 5, '670f8def17496', '79');
INSERT INTO `rate` VALUES ('670f8df9cb2b5', 10, '670f8def17496', '49');
INSERT INTO `rate` VALUES ('670f8df9e4287', 8, '670f8def384c6', '17');
INSERT INTO `rate` VALUES ('670f8dfa08fa1', 10, '670f8def384c6', '83');
INSERT INTO `rate` VALUES ('670f8dfa22013', 8, '670f8def384c6', '73');
INSERT INTO `rate` VALUES ('670f8dfa3dca9', 9, '670f8def384c6', '15');
INSERT INTO `rate` VALUES ('670f8dfa5991f', 9, '670f8def64f67', '95');
INSERT INTO `rate` VALUES ('670f8dfa752d9', 4, '670f8def64f67', '59');
INSERT INTO `rate` VALUES ('670f8dfa8e30e', 9, '670f8def64f67', '10');
INSERT INTO `rate` VALUES ('670f8dfaa71ef', 7, '670f8def64f67', '49');
INSERT INTO `rate` VALUES ('670f8dfac01f4', 7, '670f8def64f67', '44');
INSERT INTO `rate` VALUES ('670f8dfad9387', 8, '670f8def8613d', '14');
INSERT INTO `rate` VALUES ('670f8dfb00c06', 10, '670f8def8613d', '73');
INSERT INTO `rate` VALUES ('670f8dfb1c810', 8, '670f8def8613d', '30');
INSERT INTO `rate` VALUES ('670f8dfb381e0', 5, '670f8def8613d', '47');
INSERT INTO `rate` VALUES ('670f8dfb51258', 7, '670f8def8613d', '86');
INSERT INTO `rate` VALUES ('670f8dfb6a3a4', 8, '670f8def9f250', '99');
INSERT INTO `rate` VALUES ('670f8dfb85dbc', 5, '670f8def9f250', '59');
INSERT INTO `rate` VALUES ('670f8dfba19ae', 6, '670f8def9f250', '90');
INSERT INTO `rate` VALUES ('670f8dfbbd439', 9, '670f8def9f250', '98');
INSERT INTO `rate` VALUES ('670f8dfbd649c', 7, '670f8def9f250', '27');
INSERT INTO `rate` VALUES ('670f8dfbef566', 9, '670f8def9f250', '31');
INSERT INTO `rate` VALUES ('670f8dfc14443', 9, '670f8defb8055', '81');
INSERT INTO `rate` VALUES ('670f8dfc2fd60', 8, '670f8defb8055', '84');
INSERT INTO `rate` VALUES ('670f8dfc48e68', 5, '670f8defb8055', '15');
INSERT INTO `rate` VALUES ('670f8dfc64ba9', 6, '670f8defb8055', '46');
INSERT INTO `rate` VALUES ('670f8dfc80499', 8, '670f8defb8055', '29');
INSERT INTO `rate` VALUES ('670f8dfc9963e', 9, '670f8defb8055', '36');
INSERT INTO `rate` VALUES ('670f8dfcb2487', 4, '670f8defd1155', '32');
INSERT INTO `rate` VALUES ('670f8dfccb4db', 7, '670f8defd1155', '43');
INSERT INTO `rate` VALUES ('670f8dfce4536', 6, '670f8defd1155', '65');
INSERT INTO `rate` VALUES ('670f8dfd0929d', 9, '670f8defd1155', '3');
INSERT INTO `rate` VALUES ('670f8dfd27ac9', 10, '670f8defd1155', '85');
INSERT INTO `rate` VALUES ('670f8dfd43504', 4, '670f8defed025', '14');
INSERT INTO `rate` VALUES ('670f8dfd5f0cd', 10, '670f8defed025', '83');
INSERT INTO `rate` VALUES ('670f8dfd7ac4f', 5, '670f8defed025', '42');
INSERT INTO `rate` VALUES ('670f8dfd968f3', 6, '670f8defed025', '70');
INSERT INTO `rate` VALUES ('670f8dfdb2348', 7, '670f8defed025', '88');
INSERT INTO `rate` VALUES ('670f8dfdcdf18', 6, '670f8df014602', '42');
INSERT INTO `rate` VALUES ('670f8dfdef879', 6, '670f8df014602', '16');
INSERT INTO `rate` VALUES ('670f8dfe24394', 5, '670f8df014602', '52');
INSERT INTO `rate` VALUES ('670f8dfe3ff79', 8, '670f8df014602', '97');
INSERT INTO `rate` VALUES ('670f8dfe5ba75', 5, '670f8df014602', '92');
INSERT INTO `rate` VALUES ('670f8dfe7745e', 4, '670f8df014602', '101');
INSERT INTO `rate` VALUES ('670f8dfe904d2', 5, '670f8df014602', '68');
INSERT INTO `rate` VALUES ('670f8dfeabf98', 5, '670f8df014602', '26');
INSERT INTO `rate` VALUES ('670f8dfec4f55', 7, '670f8df02d5be', '3');
INSERT INTO `rate` VALUES ('670f8dfee0b2d', 4, '670f8df02d5be', '61');
INSERT INTO `rate` VALUES ('670f8dff0598d', 4, '670f8df02d5be', '68');
INSERT INTO `rate` VALUES ('670f8dff21556', 6, '670f8df02d5be', '77');
INSERT INTO `rate` VALUES ('670f8dff3d131', 4, '670f8df02d5be', '25');
INSERT INTO `rate` VALUES ('670f8dff560e5', 8, '670f8df02d5be', '22');
INSERT INTO `rate` VALUES ('670f8dff747a8', 7, '670f8df02d5be', '36');
INSERT INTO `rate` VALUES ('670f8dff902fe', 8, '670f8df02d5be', '5');
INSERT INTO `rate` VALUES ('670f8dffa9416', 8, '670f8df046594', '48');
INSERT INTO `rate` VALUES ('670f8dffc4f8e', 10, '670f8df046594', '12');
INSERT INTO `rate` VALUES ('670f8dffe3612', 8, '670f8df046594', '84');
INSERT INTO `rate` VALUES ('670f8e000afe1', 4, '670f8df046594', '7');
INSERT INTO `rate` VALUES ('670f8e0029464', 10, '670f8df046594', '33');
INSERT INTO `rate` VALUES ('670f8e004a8be', 9, '670f8df05f5fe', '58');
INSERT INTO `rate` VALUES ('670f8e006643f', 8, '670f8df05f5fe', '79');
INSERT INTO `rate` VALUES ('670f8e0084b01', 8, '670f8df05f5fe', '84');
INSERT INTO `rate` VALUES ('670f8e00a2ff8', 9, '670f8df05f5fe', '86');
INSERT INTO `rate` VALUES ('670f8e00c1882', 10, '670f8df05f5fe', '71');
INSERT INTO `rate` VALUES ('670f8e00dfef6', 9, '670f8df0785b4', '89');
INSERT INTO `rate` VALUES ('670f8e010a3bf', 6, '670f8df0785b4', '31');
INSERT INTO `rate` VALUES ('670f8e0128aaa', 10, '670f8df0785b4', '37');
INSERT INTO `rate` VALUES ('670f8e014d28a', 10, '670f8df0785b4', '4');
INSERT INTO `rate` VALUES ('670f8e016ae23', 10, '670f8df0785b4', '83');
INSERT INTO `rate` VALUES ('670f8e01868e3', 5, '670f8df0785b4', '73');
INSERT INTO `rate` VALUES ('670f8e019f9a4', 9, '670f8df0785b4', '52');
INSERT INTO `rate` VALUES ('670f8e01bb346', 7, '670f8df09159a', '97');
INSERT INTO `rate` VALUES ('670f8e01d44c4', 8, '670f8df09159a', '4');
INSERT INTO `rate` VALUES ('670f8e01efe93', 6, '670f8df09159a', '39');
INSERT INTO `rate` VALUES ('670f8e0214de8', 5, '670f8df09159a', '99');
INSERT INTO `rate` VALUES ('670f8e0230a72', 9, '670f8df09159a', '82');
INSERT INTO `rate` VALUES ('670f8e024c4f3', 5, '670f8df09159a', '53');
INSERT INTO `rate` VALUES ('670f8e026acd3', 5, '670f8df09159a', '19');
INSERT INTO `rate` VALUES ('670f8e02892d7', 6, '670f8df0aa604', '80');
INSERT INTO `rate` VALUES ('670f8e02a4cec', 6, '670f8df0aa604', '78');
INSERT INTO `rate` VALUES ('670f8e02c34a2', 8, '670f8df0aa604', '7');
INSERT INTO `rate` VALUES ('670f8e02dc4f5', 10, '670f8df0aa604', '42');
INSERT INTO `rate` VALUES ('670f8e0303e20', 4, '670f8df0aa604', '89');
INSERT INTO `rate` VALUES ('670f8e031cdee', 7, '670f8df0aa604', '70');
INSERT INTO `rate` VALUES ('670f8e0335dbc', 10, '670f8df0aa604', '96');
INSERT INTO `rate` VALUES ('670f8e0351ac3', 4, '670f8df0aa604', '41');
INSERT INTO `rate` VALUES ('670f8e036ff8d', 8, '670f8df0c35d8', '54');
INSERT INTO `rate` VALUES ('670f8e038bc18', 8, '670f8df0c35d8', '32');
INSERT INTO `rate` VALUES ('670f8e03a7889', 9, '670f8df0c35d8', '89');
INSERT INTO `rate` VALUES ('670f8e03c5c97', 7, '670f8df0c35d8', '52');
INSERT INTO `rate` VALUES ('670f8e03e18a1', 10, '670f8df0c35d8', '14');
INSERT INTO `rate` VALUES ('670f8e04092c9', 4, '670f8df0c35d8', '16');
INSERT INTO `rate` VALUES ('670f8e0427879', 9, '670f8df0c35d8', '58');
INSERT INTO `rate` VALUES ('670f8e0443533', 10, '670f8df0dc527', '67');
INSERT INTO `rate` VALUES ('670f8e045f122', 6, '670f8df0dc527', '32');
INSERT INTO `rate` VALUES ('670f8e047d756', 7, '670f8df0dc527', '68');
INSERT INTO `rate` VALUES ('670f8e049be4e', 8, '670f8df0dc527', '81');
INSERT INTO `rate` VALUES ('670f8e04ba4dc', 8, '670f8df0dc527', '70');
INSERT INTO `rate` VALUES ('670f8e04d8bc4', 5, '670f8df0dc527', '23');
INSERT INTO `rate` VALUES ('670f8e05030f3', 6, '670f8df0dc527', '5');
INSERT INTO `rate` VALUES ('670f8e05216f6', 6, '670f8df1012e5', '54');
INSERT INTO `rate` VALUES ('670f8e053ff88', 4, '670f8df1012e5', '83');
INSERT INTO `rate` VALUES ('670f8e055b754', 6, '670f8df1012e5', '62');
INSERT INTO `rate` VALUES ('670f8e0574927', 10, '670f8df1012e5', '49');
INSERT INTO `rate` VALUES ('670f8e058da53', 7, '670f8df1012e5', '64');
INSERT INTO `rate` VALUES ('670f8e05ac058', 7, '670f8df1012e5', '35');
INSERT INTO `rate` VALUES ('670f8e05ca871', 9, '670f8df1012e5', '97');
INSERT INTO `rate` VALUES ('670f8e05e8eb0', 5, '670f8df11a339', '98');
INSERT INTO `rate` VALUES ('670f8e0613301', 8, '670f8df11a339', '51');
INSERT INTO `rate` VALUES ('670f8e0631843', 7, '670f8df11a339', '47');
INSERT INTO `rate` VALUES ('670f8e064d5bd', 5, '670f8df11a339', '6');
INSERT INTO `rate` VALUES ('670f8e066bb9e', 7, '670f8df11a339', '36');
INSERT INTO `rate` VALUES ('670f8e068754f', 6, '670f8df11a339', '25');
INSERT INTO `rate` VALUES ('670f8e06a0581', 4, '670f8df13333d', '22');
INSERT INTO `rate` VALUES ('670f8e06bc0ee', 8, '670f8df13333d', '63');
INSERT INTO `rate` VALUES ('670f8e06d7dd1', 8, '670f8df13333d', '8');
INSERT INTO `rate` VALUES ('670f8e06f37d5', 8, '670f8df13333d', '30');
INSERT INTO `rate` VALUES ('670f8e071b2ed', 8, '670f8df13333d', '52');
INSERT INTO `rate` VALUES ('670f8e07397e7', 9, '670f8df13333d', '35');
INSERT INTO `rate` VALUES ('670f8e075277c', 10, '670f8df13333d', '72');
INSERT INTO `rate` VALUES ('670f8e076ba39', 9, '670f8df14c517', '64');
INSERT INTO `rate` VALUES ('670f8e0789ed9', 8, '670f8df14c517', '62');
INSERT INTO `rate` VALUES ('670f8e07a5b70', 8, '670f8df14c517', '55');
INSERT INTO `rate` VALUES ('670f8e07c42f1', 10, '670f8df14c517', '77');
INSERT INTO `rate` VALUES ('670f8e07e2a0c', 10, '670f8df14c517', '59');
INSERT INTO `rate` VALUES ('670f8e080cc1f', 5, '670f8df14c517', '26');
INSERT INTO `rate` VALUES ('670f8e0825d84', 5, '670f8df14c517', '42');
INSERT INTO `rate` VALUES ('670f8e084447b', 4, '670f8df167e8c', '60');
INSERT INTO `rate` VALUES ('670f8e08600f0', 5, '670f8df167e8c', '98');
INSERT INTO `rate` VALUES ('670f8e087e7b2', 10, '670f8df167e8c', '97');
INSERT INTO `rate` VALUES ('670f8e089ceb0', 4, '670f8df167e8c', '1');
INSERT INTO `rate` VALUES ('670f8e08c6ae9', 5, '670f8df167e8c', '50');
INSERT INTO `rate` VALUES ('670f8e08dfc7c', 9, '670f8df180da9', '63');
INSERT INTO `rate` VALUES ('670f8e0909e4a', 7, '670f8df180da9', '77');
INSERT INTO `rate` VALUES ('670f8e0925a0f', 5, '670f8df180da9', '26');
INSERT INTO `rate` VALUES ('670f8e093ed59', 10, '670f8df180da9', '84');
INSERT INTO `rate` VALUES ('670f8e09632ba', 6, '670f8df180da9', '32');
INSERT INTO `rate` VALUES ('670f8e098d557', 7, '670f8df199e21', '100');
INSERT INTO `rate` VALUES ('670f8e09a8ed2', 4, '670f8df199e21', '75');
INSERT INTO `rate` VALUES ('670f8e09c4c2c', 6, '670f8df199e21', '88');
INSERT INTO `rate` VALUES ('670f8e09e5fa0', 6, '670f8df199e21', '42');
INSERT INTO `rate` VALUES ('670f8e0a12d81', 6, '670f8df199e21', '3');
INSERT INTO `rate` VALUES ('670f8e0a2eabb', 10, '670f8df199e21', '5');
INSERT INTO `rate` VALUES ('670f8e0a4fbe3', 4, '670f8df199e21', '96');
INSERT INTO `rate` VALUES ('670f8e0a70db3', 7, '670f8df1b2e0e', '78');
INSERT INTO `rate` VALUES ('670f8e0a8f3c7', 6, '670f8df1b2e0e', '40');
INSERT INTO `rate` VALUES ('670f8e0aab190', 7, '670f8df1b2e0e', '98');
INSERT INTO `rate` VALUES ('670f8e0acc151', 9, '670f8df1b2e0e', '91');
INSERT INTO `rate` VALUES ('670f8e0aea8d8', 8, '670f8df1b2e0e', '63');
INSERT INTO `rate` VALUES ('670f8e0b14d00', 8, '670f8df1b2e0e', '30');
INSERT INTO `rate` VALUES ('670f8e0b3097d', 7, '670f8df1cbfb4', '36');
INSERT INTO `rate` VALUES ('670f8e0b4ef6e', 4, '670f8df1cbfb4', '79');
INSERT INTO `rate` VALUES ('670f8e0b6aae4', 5, '670f8df1cbfb4', '50');
INSERT INTO `rate` VALUES ('670f8e0b893aa', 7, '670f8df1cbfb4', '58');
INSERT INTO `rate` VALUES ('670f8e0baa599', 7, '670f8df1cbfb4', '3');
INSERT INTO `rate` VALUES ('670f8e0bcb656', 4, '670f8df1cbfb4', '93');
INSERT INTO `rate` VALUES ('670f8e0be9d5e', 7, '670f8df1cbfb4', '92');
INSERT INTO `rate` VALUES ('670f8e0c16ce1', 5, '670f8df1e50a2', '81');
INSERT INTO `rate` VALUES ('670f8e0c35428', 5, '670f8df1e50a2', '30');
INSERT INTO `rate` VALUES ('670f8e0c5669b', 10, '670f8df1e50a2', '41');
INSERT INTO `rate` VALUES ('670f8e0c72200', 9, '670f8df1e50a2', '17');
INSERT INTO `rate` VALUES ('670f8e0c93466', 9, '670f8df1e50a2', '34');
INSERT INTO `rate` VALUES ('670f8e0cb1993', 8, '670f8df1e50a2', '44');
INSERT INTO `rate` VALUES ('670f8e0ccd5c1', 5, '670f8df20c8aa', '55');
INSERT INTO `rate` VALUES ('670f8e0cebe36', 5, '670f8df20c8aa', '20');
INSERT INTO `rate` VALUES ('670f8e0d18daa', 5, '670f8df20c8aa', '71');
INSERT INTO `rate` VALUES ('670f8e0d34978', 8, '670f8df20c8aa', '8');
INSERT INTO `rate` VALUES ('670f8e0d55c94', 9, '670f8df20c8aa', '39');
INSERT INTO `rate` VALUES ('670f8e0d799fc', 8, '670f8df2284b8', '35');
INSERT INTO `rate` VALUES ('670f8e0d9ac2f', 5, '670f8df2284b8', '43');
INSERT INTO `rate` VALUES ('670f8e0db920e', 7, '670f8df2284b8', '12');
INSERT INTO `rate` VALUES ('670f8e0de5c28', 4, '670f8df2284b8', '47');
INSERT INTO `rate` VALUES ('670f8e0e100f4', 7, '670f8df2284b8', '7');
INSERT INTO `rate` VALUES ('670f8e0e2e4ce', 7, '670f8df243f4e', '18');
INSERT INTO `rate` VALUES ('670f8e0e474a5', 10, '670f8df243f4e', '100');
INSERT INTO `rate` VALUES ('670f8e0e60534', 4, '670f8df243f4e', '74');
INSERT INTO `rate` VALUES ('670f8e0e79550', 8, '670f8df243f4e', '81');
INSERT INTO `rate` VALUES ('670f8e0e92611', 4, '670f8df243f4e', '66');
INSERT INTO `rate` VALUES ('670f8e0eae064', 8, '670f8df25d0c9', '33');
INSERT INTO `rate` VALUES ('670f8e0edaae5', 7, '670f8df25d0c9', '49');
INSERT INTO `rate` VALUES ('670f8e0f04f08', 7, '670f8df25d0c9', '9');
INSERT INTO `rate` VALUES ('670f8e0f20a6a', 7, '670f8df25d0c9', '71');
INSERT INTO `rate` VALUES ('670f8e0f3f19e', 4, '670f8df25d0c9', '81');
INSERT INTO `rate` VALUES ('670f8e0f58162', 6, '670f8df25d0c9', '38');
INSERT INTO `rate` VALUES ('670f8e0f73c6c', 4, '670f8df25d0c9', '52');

-- ----------------------------
-- Table structure for user
-- ----------------------------
DROP TABLE IF EXISTS `user`;
CREATE TABLE `user`  (
  `user_id` varchar(255) CHARACTER SET utf8mb4 COLLATE utf8mb4_0900_ai_ci NOT NULL,
  `user_name` varchar(255) CHARACTER SET utf8mb4 COLLATE utf8mb4_0900_ai_ci NULL DEFAULT NULL,
  `user_password` varchar(255) CHARACTER SET utf8mb4 COLLATE utf8mb4_0900_ai_ci NULL DEFAULT NULL,
  `user_email` varchar(255) CHARACTER SET utf8mb4 COLLATE utf8mb4_0900_ai_ci NULL DEFAULT NULL,
  PRIMARY KEY (`user_id`) USING BTREE
) ENGINE = InnoDB CHARACTER SET = utf8mb4 COLLATE = utf8mb4_0900_ai_ci ROW_FORMAT = DYNAMIC;

-- ----------------------------
-- Records of user
-- ----------------------------
INSERT INTO `user` VALUES ('670f8deded0e8', 'Dadi Januar', 'e10adc3949ba59abbe56e057f20f883e', 'leo08@gmail.com');
INSERT INTO `user` VALUES ('670f8dee11e1f', 'Silvia Icha Aryani M.Farm', 'e10adc3949ba59abbe56e057f20f883e', 'azalea.irawan@nasyidah.ac.id');
INSERT INTO `user` VALUES ('670f8dee2ae99', 'Wirda Pertiwi', 'e10adc3949ba59abbe56e057f20f883e', 'suryatmi.gatot@tamba.in');
INSERT INTO `user` VALUES ('670f8dee43e67', 'Unjani Halimah', 'e10adc3949ba59abbe56e057f20f883e', 'rini08@puspita.co');
INSERT INTO `user` VALUES ('670f8dee5ceee', 'Warsita Prasasta', 'e10adc3949ba59abbe56e057f20f883e', 'wnasyiah@yahoo.co.id');
INSERT INTO `user` VALUES ('670f8dee75fd8', 'Cager Maulana', 'e10adc3949ba59abbe56e057f20f883e', 'ghaliyati.thamrin@yahoo.co.id');
INSERT INTO `user` VALUES ('670f8dee8f272', 'Raden Rajasa', 'e10adc3949ba59abbe56e057f20f883e', 'dina.kusmawati@gmail.co.id');
INSERT INTO `user` VALUES ('670f8deeb2d28', 'Salimah Oktaviani', 'e10adc3949ba59abbe56e057f20f883e', 'paris27@oktaviani.co');
INSERT INTO `user` VALUES ('670f8deed971f', 'Kariman Nugroho S.Farm', 'e10adc3949ba59abbe56e057f20f883e', 'whastuti@prastuti.ac.id');
INSERT INTO `user` VALUES ('670f8def17496', 'Galur Hutasoit S.Gz', 'e10adc3949ba59abbe56e057f20f883e', 'lestari.waluyo@melani.web.id');
INSERT INTO `user` VALUES ('670f8def384c6', 'Gadang Napitupulu', 'e10adc3949ba59abbe56e057f20f883e', 'yirawan@gmail.co.id');
INSERT INTO `user` VALUES ('670f8def64f67', 'Edi Harjasa Sihombing', 'e10adc3949ba59abbe56e057f20f883e', 'zulaika.nilam@lailasari.desa.id');
INSERT INTO `user` VALUES ('670f8def8613d', 'Malika Permata S.E.', 'e10adc3949ba59abbe56e057f20f883e', 'gwijayanti@gmail.co.id');
INSERT INTO `user` VALUES ('670f8def9f250', 'Gandi Cager Samosir S.Kom', 'e10adc3949ba59abbe56e057f20f883e', 'gwijaya@natsir.in');
INSERT INTO `user` VALUES ('670f8defb8055', 'Putri Susanti', 'e10adc3949ba59abbe56e057f20f883e', 'gantar.widiastuti@tampubolon.or.id');
INSERT INTO `user` VALUES ('670f8defd1155', 'Maida Wulandari', 'e10adc3949ba59abbe56e057f20f883e', 'hardiansyah.anggabaya@yahoo.com');
INSERT INTO `user` VALUES ('670f8defed025', 'Puspa Pratiwi', 'e10adc3949ba59abbe56e057f20f883e', 'pprasetya@yahoo.co.id');
INSERT INTO `user` VALUES ('670f8df014602', 'Jaiman Uwais', 'e10adc3949ba59abbe56e057f20f883e', 'puspita.nadia@puspita.net');
INSERT INTO `user` VALUES ('670f8df02d5be', 'Oni Novitasari', 'e10adc3949ba59abbe56e057f20f883e', 'jayadi89@gmail.co.id');
INSERT INTO `user` VALUES ('670f8df046594', 'Jaswadi Adriansyah', 'e10adc3949ba59abbe56e057f20f883e', 'halima68@mangunsong.org');
INSERT INTO `user` VALUES ('670f8df05f5fe', 'Kani Mala Hasanah M.Kom.', 'e10adc3949ba59abbe56e057f20f883e', 'canggraini@gmail.com');
INSERT INTO `user` VALUES ('670f8df0785b4', 'Vicky Laksmiwati', 'e10adc3949ba59abbe56e057f20f883e', 'eja.zulaika@mandasari.com');
INSERT INTO `user` VALUES ('670f8df09159a', 'Kala Panji Najmudin', 'e10adc3949ba59abbe56e057f20f883e', 'zhalimah@yuniar.net');
INSERT INTO `user` VALUES ('670f8df0aa604', 'Galar Emong Putra S.H.', 'e10adc3949ba59abbe56e057f20f883e', 'wardaya.usada@yahoo.co.id');
INSERT INTO `user` VALUES ('670f8df0c35d8', 'Shania Hartati M.TI.', 'e10adc3949ba59abbe56e057f20f883e', 'sitompul.sakura@yahoo.com');
INSERT INTO `user` VALUES ('670f8df0dc527', 'Ani Melinda Anggraini', 'e10adc3949ba59abbe56e057f20f883e', 'laksita.rahayu@namaga.info');
INSERT INTO `user` VALUES ('670f8df1012e5', 'Cahya Sirait M.Kom.', 'e10adc3949ba59abbe56e057f20f883e', 'dsaputra@gmail.co.id');
INSERT INTO `user` VALUES ('670f8df11a339', 'Mustika Unggul Sitompul S.Gz', 'e10adc3949ba59abbe56e057f20f883e', 'nasrullah97@saptono.tv');
INSERT INTO `user` VALUES ('670f8df13333d', 'Kawaca Suryono S.Ked', 'e10adc3949ba59abbe56e057f20f883e', 'dalimin.habibi@susanti.sch.id');
INSERT INTO `user` VALUES ('670f8df14c517', 'Kartika Mayasari', 'e10adc3949ba59abbe56e057f20f883e', 'nasyidah.elon@yahoo.co.id');
INSERT INTO `user` VALUES ('670f8df167e8c', 'Silvia Oktaviani', 'e10adc3949ba59abbe56e057f20f883e', 'dimaz.mansur@nababan.net');
INSERT INTO `user` VALUES ('670f8df180da9', 'Juli Purnawati', 'e10adc3949ba59abbe56e057f20f883e', 'ifa.saragih@agustina.mil.id');
INSERT INTO `user` VALUES ('670f8df199e21', 'Taufan Gunawan', 'e10adc3949ba59abbe56e057f20f883e', 'wahyu04@gmail.co.id');
INSERT INTO `user` VALUES ('670f8df1b2e0e', 'Nasim Gamanto Mansur S.T.', 'e10adc3949ba59abbe56e057f20f883e', 'zdamanik@usamah.my.id');
INSERT INTO `user` VALUES ('670f8df1cbfb4', 'Anastasia Lestari', 'e10adc3949ba59abbe56e057f20f883e', 'pwaskita@setiawan.info');
INSERT INTO `user` VALUES ('670f8df1e50a2', 'Michelle Amelia Hassanah', 'e10adc3949ba59abbe56e057f20f883e', 'knovitasari@yahoo.com');
INSERT INTO `user` VALUES ('670f8df20c8aa', 'Artanto Damanik', 'e10adc3949ba59abbe56e057f20f883e', 'lestari.nova@gmail.com');
INSERT INTO `user` VALUES ('670f8df2284b8', 'Adiarja Prasasta', 'e10adc3949ba59abbe56e057f20f883e', 'anastasia.hakim@gmail.com');
INSERT INTO `user` VALUES ('670f8df243f4e', 'Cayadi Cagak Simanjuntak', 'e10adc3949ba59abbe56e057f20f883e', 'cemani.purwanti@gmail.com');
INSERT INTO `user` VALUES ('670f8df25d0c9', 'Tania Puput Winarsih M.Ak', 'e10adc3949ba59abbe56e057f20f883e', 'yulianti.daru@gmail.com');

SET FOREIGN_KEY_CHECKS = 1;
